date,door_h00,door_h01,door_h02,door_h03,door_h04,door_h05,door_h06,door_h07,door_h08,door_h09,door_h10,door_h11,door_h12,door_h13,door_h14,door_h15,door_h16,door_h17,door_h18,door_h19,door_h20,door_h21,door_h22,door_h23,light_h00,light_h01,light_h02,light_h03,light_h04,light_h05,light_h06,light_h07,light_h08,light_h09,light_h10,light_h11,light_h12,light_h13,light_h14,light_h15,light_h16,light_h17,light_h18,light_h19,light_h20,light_h21,light_h22,light_h23,other_h00,other_h01,other_h02,other_h03,other_h04,other_h05,other_h06,other_h07,other_h08,other_h09,other_h10,other_h11,other_h12,other_h13,other_h14,other_h15,other_h16,other_h17,other_h18,other_h19,other_h20,other_h21,other_h22,other_h23
2010-11-04,0.0,0.0,0.0,0.0,0.0,0.0,0.0,0.0,12.0,55.0,55.0,32.0,0.0,16.0,6.0,36.0,20.0,26.0,4.0,4.0,0.0,8.0,0.0,24.0,0.0,0.0,0.0,0.0,0.0,0.0,0.0,0.0,116.0,122.0,130.0,42.0,0.0,72.0,90.0,230.0,64.0,256.0,20.0,5.0,1.0,24.0,0.0,18.0,2.0,0.0,2.0,4.0,8.0,38.0,8.0,30.0,496.0,324.0,448.0,262.0,0.0,230.0,88.0,478.0,856.0,534.0,284.0,190.0,10.0,274.0,16.0,266.0
2010-11-05,0.0,0.0,0.0,0.0,0.0,0.0,0.0,12.0,26.0,54.0,96.0,58.0,14.0,60.0,0.0,12.0,82.0,4.0,0.0,0.0,2.0,0.0,4.0,0.0,0.0,0.0,0.0,0.0,0.0,0.0,0.0,30.0,40.0,417.0,757.0,92.0,36.0,106.0,0.0,31.0,23.0,30.0,12.0,0.0,0.0,0.0,28.0,0.0,279.0,3.0,14.0,0.0,36.0,0.0,6.0,248.0,1174.0,1410.0,704.0,138.0,187.0,627.0,0.0,38.0,242.0,134.0,212.0,166.0,26.0,94.0,194.0,192.0
2010-11-06,0.0,0.0,0.0,0.0,0.0,0.0,0.0,0.0,0.0,26.0,22.0,68.0,154.0,0.0,0.0,0.0,4.0,42.0,8.0,44.0,22.0,0.0,24.0,4.0,0.0,0.0,0.0,0.0,0.0,0.0,0.0,0.0,0.0,40.0,114.0,250.0,86.0,12.0,0.0,0.0,0.0,76.0,144.0,344.0,182.0,92.0,222.0,222.0,14.0,4.0,2.0,0.0,60.0,8.0,0.0,2.0,44.0,470.0,454.0,441.0,403.0,28.0,0.0,0.0,13.0,573.0,86.0,420.0,142.0,0.0,74.0,194.0
2010-11-07,0.0,0.0,0.0,0.0,0.0,0.0,0.0,4.0,34.0,24.0,0.0,0.0,80.0,26.0,32.0,102.0,4.0,52.0,10.0,38.0,28.0,4.0,12.0,4.0,4.0,0.0,0.0,0.0,0.0,0.0,0.0,79.0,173.0,32.0,304.0,376.0,222.0,108.0,214.0,128.0,204.0,140.0,156.0,144.0,196.0,268.0,118.0,70.0,208.0,14.0,0.0,144.0,26.0,54.0,26.0,296.0,396.0,296.0,438.0,24.0,164.0,66.0,504.0,194.0,134.0,442.0,52.0,482.0,558.0,57.0,141.0,88.0
2010-11-08,0.0,0.0,0.0,0.0,0.0,0.0,0.0,0.0,10.0,10.0,102.0,64.0,0.0,12.0,104.0,20.0,40.0,32.0,66.0,26.0,16.0,0.0,6.0,32.0,0.0,0.0,0.0,0.0,0.0,0.0,0.0,0.0,148.0,248.0,74.0,136.0,0.0,28.0,172.0,122.0,130.0,120.0,120.0,146.0,82.0,84.0,66.0,170.0,70.0,2.0,0.0,0.0,0.0,46.0,4.0,8.0,478.0,316.0,152.0,458.0,0.0,92.0,64.0,174.0,566.0,544.0,126.0,85.0,85.0,0.0,26.0,152.0
2010-11-09,0.0,0.0,0.0,0.0,0.0,0.0,0.0,0.0,2.0,16.0,58.0,20.0,0.0,18.0,127.0,120.0,8.0,143.0,324.0,110.0,16.0,6.0,0.0,8.0,0.0,0.0,0.0,0.0,0.0,0.0,0.0,0.0,30.0,216.0,262.0,86.0,0.0,26.0,128.0,434.0,643.0,1399.0,213.0,165.0,64.0,120.0,70.0,40.0,88.0,12.0,0.0,0.0,2.0,44.0,2.0,2.0,278.0,578.0,488.0,206.0,0.0,79.0,127.0,270.0,42.0,890.0,405.0,652.0,282.0,12.0,0.0,45.0
2010-11-10,2.0,0.0,0.0,0.0,0.0,0.0,2.0,4.0,4.0,106.0,0.0,0.0,0.0,0.0,0.0,0.0,0.0,46.0,122.0,10.0,10.0,0.0,14.0,2.0,60.0,0.0,0.0,0.0,0.0,0.0,18.0,252.0,170.0,146.0,0.0,0.0,0.0,0.0,0.0,0.0,0.0,104.0,252.0,244.0,278.0,114.0,122.0,106.0,205.0,12.0,2.0,2.0,0.0,0.0,302.0,269.0,261.0,300.0,0.0,0.0,0.0,0.0,0.0,0.0,0.0,267.0,725.0,36.0,66.0,0.0,26.0,286.0
2010-11-11,0.0,0.0,0.0,0.0,0.0,0.0,0.0,0.0,12.0,16.0,78.0,10.0,0.0,74.0,4.0,12.0,24.0,16.0,2.0,18.0,22.0,6.0,58.0,0.0,0.0,0.0,2.0,0.0,0.0,0.0,0.0,0.0,31.0,131.0,138.0,64.0,0.0,102.0,112.0,72.0,166.0,240.0,86.0,210.0,336.0,98.0,154.0,0.0,14.0,0.0,0.0,0.0,0.0,56.0,0.0,4.0,324.0,407.0,555.0,144.0,0.0,321.0,118.0,189.0,548.0,160.0,0.0,270.0,244.0,100.0,350.0,76.0
2010-11-12,0.0,0.0,0.0,0.0,0.0,0.0,0.0,0.0,25.0,33.0,94.0,48.0,0.0,101.0,45.0,8.0,44.0,0.0,10.0,8.0,0.0,2.0,6.0,4.0,0.0,0.0,0.0,0.0,0.0,0.0,0.0,0.0,98.0,260.0,214.0,116.0,0.0,92.0,98.0,32.0,134.0,130.0,86.0,214.0,148.0,126.0,142.0,192.0,0.0,0.0,0.0,2.0,46.0,2.0,14.0,2.0,612.0,92.0,540.0,616.0,0.0,166.0,90.0,808.0,336.0,0.0,45.0,83.0,22.0,24.0,176.0,126.0
2010-11-13,0.0,0.0,0.0,0.0,0.0,0.0,0.0,0.0,0.0,0.0,0.0,22.0,0.0,8.0,24.0,6.0,4.0,0.0,22.0,42.0,6.0,2.0,14.0,0.0,0.0,0.0,0.0,0.0,0.0,0.0,0.0,0.0,2.0,124.0,0.0,286.0,838.0,392.0,130.0,178.0,48.0,0.0,118.0,104.0,190.0,78.0,92.0,0.0,86.0,2.0,8.0,6.0,4.0,66.0,0.0,0.0,208.0,498.0,8.0,697.0,85.0,161.0,137.0,218.0,425.0,209.0,596.0,222.0,180.0,10.0,196.0,150.0
2010-11-14,0.0,0.0,0.0,0.0,0.0,0.0,52.0,18.0,38.0,0.0,0.0,0.0,8.0,0.0,0.0,0.0,0.0,8.0,12.0,4.0,12.0,2.0,0.0,0.0,0.0,0.0,0.0,0.0,0.0,0.0,124.0,135.0,147.0,0.0,0.0,0.0,124.0,0.0,0.0,0.0,0.0,112.0,98.0,74.0,124.0,206.0,120.0,112.0,4.0,2.0,10.0,14.0,20.0,13.0,633.0,397.0,177.0,0.0,0.0,0.0,332.0,44.0,36.0,0.0,2.0,424.0,112.0,46.0,104.0,98.0,0.0,106.0
2010-11-15,0.0,0.0,0.0,0.0,0.0,0.0,0.0,0.0,6.0,20.0,44.0,10.0,0.0,0.0,22.0,200.0,26.0,0.0,0.0,74.0,4.0,2.0,0.0,0.0,0.0,0.0,0.0,0.0,0.0,0.0,0.0,2.0,6.0,236.0,130.0,20.0,0.0,0.0,62.0,186.0,64.0,0.0,0.0,174.0,72.0,166.0,18.0,24.0,76.0,4.0,0.0,0.0,2.0,82.0,18.0,352.0,208.0,52.0,418.0,60.0,0.0,0.0,68.0,452.0,94.0,0.0,0.0,264.0,50.0,154.0,162.0,180.0
2010-11-16,0.0,1.0,3.0,4.0,4.0,6.0,4.0,7.0,1.0,68.0,36.0,40.0,4.0,20.0,16.0,36.0,24.0,24.0,4.0,0.0,14.0,6.0,4.0,16.0,0.0,5.0,15.0,20.0,20.0,30.0,20.0,35.0,8.0,229.0,52.0,216.0,4.0,200.0,60.0,132.0,186.0,92.0,114.0,60.0,166.0,102.0,93.0,143.0,122.0,49.0,93.0,110.0,138.0,148.0,104.0,185.0,100.0,363.0,396.0,184.0,212.0,332.0,80.0,252.0,130.0,616.0,4.0,0.0,166.0,70.0,16.0,180.0
2010-11-17,0.0,0.0,0.0,0.0,0.0,0.0,0.0,22.0,28.0,26.0,0.0,0.0,0.0,0.0,0.0,0.0,0.0,0.0,36.0,98.0,2.0,6.0,0.0,4.0,2.0,0.0,0.0,0.0,0.0,0.0,0.0,66.0,52.0,122.0,0.0,0.0,0.0,0.0,0.0,0.0,0.0,0.0,48.0,126.0,166.0,94.0,70.0,131.0,272.0,16.0,56.0,64.0,12.0,0.0,8.0,422.0,444.0,204.0,0.0,0.0,0.0,0.0,0.0,0.0,0.0,0.0,118.0,466.0,4.0,36.0,0.0,72.0
2010-11-18,0.0,0.0,0.0,0.0,0.0,0.0,0.0,0.0,0.0,2.0,16.0,28.0,0.0,0.0,0.0,40.0,6.0,4.0,0.0,72.0,42.0,8.0,4.0,2.0,61.0,0.0,0.0,0.0,0.0,0.0,0.0,0.0,0.0,36.0,298.0,156.0,0.0,0.0,0.0,228.0,112.0,116.0,210.0,188.0,140.0,120.0,104.0,46.0,224.0,2.0,2.0,0.0,0.0,50.0,4.0,6.0,4.0,50.0,610.0,310.0,0.0,0.0,0.0,826.0,108.0,12.0,20.0,298.0,54.0,144.0,68.0,36.0
2010-11-19,0.0,0.0,0.0,0.0,0.0,0.0,0.0,4.0,2.0,0.0,94.0,12.0,0.0,0.0,0.0,18.0,8.0,4.0,0.0,34.0,18.0,0.0,4.0,8.0,6.0,0.0,0.0,0.0,0.0,0.0,0.0,50.0,98.0,475.0,67.0,164.0,0.0,0.0,0.0,90.0,158.0,12.0,90.0,184.0,144.0,66.0,142.0,188.0,124.0,2.0,0.0,2.0,0.0,2.0,0.0,250.0,276.0,0.0,218.0,270.0,0.0,0.0,0.0,228.0,45.0,137.0,0.0,426.0,54.0,0.0,2.0,80.0
2010-11-20,16.0,0.0,0.0,0.0,0.0,0.0,0.0,0.0,4.0,44.0,8.0,20.0,18.0,12.0,68.0,4.0,33.0,111.0,96.0,4.0,26.0,14.0,4.0,4.0,42.0,0.0,0.0,0.0,0.0,0.0,0.0,0.0,28.0,78.0,153.0,225.0,202.0,168.0,34.0,0.0,316.0,270.0,192.0,155.0,263.0,168.0,108.0,82.0,248.0,8.0,4.0,62.0,0.0,0.0,2.0,4.0,328.0,712.0,86.0,356.0,661.0,423.0,314.0,34.0,212.0,572.0,1158.0,336.0,472.0,168.0,126.0,84.0
2010-11-21,0.0,0.0,0.0,0.0,0.0,0.0,2.0,10.0,26.0,0.0,0.0,28.0,0.0,12.0,4.0,12.0,8.0,2.0,18.0,14.0,0.0,18.0,0.0,0.0,0.0,0.0,0.0,0.0,0.0,0.0,130.0,52.0,68.0,0.0,0.0,166.0,0.0,160.0,4.0,112.0,188.0,40.0,104.0,92.0,10.0,150.0,0.0,0.0,104.0,0.0,10.0,6.0,2.0,2.0,296.0,318.0,178.0,0.0,0.0,920.0,198.0,334.0,20.0,934.0,62.0,14.0,194.0,126.0,0.0,170.0,88.0,10.0
2010-11-22,0.0,0.0,0.0,0.0,0.0,0.0,0.0,4.0,28.0,26.0,12.0,10.0,38.0,42.0,4.0,8.0,0.0,8.0,24.0,12.0,10.0,16.0,10.0,8.0,0.0,0.0,0.0,0.0,0.0,0.0,22.0,32.0,196.0,182.0,270.0,300.0,98.0,288.0,178.0,140.0,102.0,428.0,304.0,124.0,110.0,188.0,118.0,170.0,0.0,0.0,0.0,2.0,12.0,70.0,304.0,122.0,182.0,924.0,22.0,230.0,522.0,488.0,28.0,94.0,0.0,128.0,316.0,142.0,24.0,94.0,34.0,46.0
2010-11-23,4.0,0.0,0.0,0.0,0.0,0.0,0.0,0.0,2.0,60.0,14.0,10.0,22.0,0.0,28.0,18.0,4.0,10.0,10.0,4.0,16.0,8.0,0.0,10.0,64.0,0.0,0.0,0.0,0.0,2.0,0.0,0.0,68.0,356.0,66.0,90.0,172.0,431.0,289.0,182.0,184.0,148.0,142.0,114.0,206.0,154.0,64.0,232.0,244.0,0.0,0.0,0.0,0.0,50.0,2.0,2.0,338.0,140.0,430.0,164.0,188.0,0.0,591.0,363.0,98.0,136.0,138.0,40.0,104.0,60.0,0.0,274.0
2010-11-24,2.0,0.0,0.0,0.0,0.0,0.0,0.0,0.0,2.0,2.0,22.0,0.0,32.0,68.0,8.0,8.0,42.0,32.0,24.0,26.0,8.0,4.0,0.0,2.0,54.0,0.0,0.0,0.0,0.0,0.0,0.0,0.0,28.0,325.0,193.0,0.0,345.0,199.0,58.0,64.0,152.0,144.0,358.0,248.0,156.0,106.0,74.0,104.0,204.0,6.0,6.0,12.0,8.0,30.0,0.0,2.0,472.0,194.0,271.0,0.0,144.0,402.0,125.0,862.0,1000.0,783.0,255.0,194.0,110.0,90.0,0.0,84.0
2010-11-25,4.0,0.0,0.0,0.0,0.0,0.0,0.0,0.0,2.0,4.0,50.0,8.0,38.0,54.0,44.0,0.0,12.0,16.0,0.0,0.0,0.0,0.0,4.0,44.0,30.0,0.0,0.0,0.0,0.0,0.0,0.0,0.0,162.0,288.0,270.0,48.0,319.0,269.0,284.0,438.0,171.0,49.0,0.0,0.0,0.0,0.0,3.0,303.0,202.0,0.0,0.0,0.0,0.0,48.0,2.0,0.0,450.0,124.0,792.0,792.0,722.0,795.0,657.0,38.0,416.0,120.0,0.0,0.0,0.0,0.0,58.0,302.0
2010-11-26,2.0,0.0,0.0,0.0,0.0,0.0,0.0,0.0,0.0,14.0,4.0,16.0,0.0,0.0,34.0,92.0,98.0,24.0,2.0,14.0,6.0,4.0,0.0,22.0,106.0,0.0,0.0,0.0,0.0,0.0,0.0,0.0,0.0,294.0,300.0,158.0,0.0,0.0,226.0,332.0,518.0,102.0,110.0,252.0,114.0,230.0,182.0,316.0,122.0,0.0,0.0,2.0,8.0,44.0,0.0,10.0,32.0,300.0,272.0,192.0,0.0,0.0,356.0,444.0,258.0,250.0,42.0,202.0,142.0,66.0,12.0,236.0
2010-11-27,0.0,0.0,0.0,0.0,0.0,0.0,0.0,0.0,0.0,4.0,4.0,14.0,0.0,4.0,42.0,22.0,8.0,2.0,30.0,18.0,4.0,8.0,10.0,6.0,0.0,0.0,0.0,0.0,0.0,0.0,0.0,0.0,40.0,230.0,254.0,356.0,296.0,336.0,344.0,86.0,212.0,50.0,248.0,140.0,84.0,154.0,190.0,86.0,212.0,0.0,8.0,0.0,4.0,56.0,10.0,14.0,136.0,386.0,162.0,230.0,0.0,38.0,474.0,114.0,202.0,95.0,225.0,88.0,112.0,48.0,64.0,146.0
2010-11-28,0.0,0.0,0.0,0.0,0.0,0.0,0.0,0.0,28.0,0.0,20.0,26.0,14.0,16.0,28.0,14.0,6.0,24.0,12.0,8.0,10.0,26.0,0.0,4.0,0.0,0.0,0.0,0.0,0.0,0.0,0.0,0.0,106.0,0.0,184.0,2.0,54.0,4.0,134.0,54.0,18.0,80.0,172.0,88.0,114.0,122.0,52.0,89.0,6.0,8.0,2.0,4.0,2.0,72.0,4.0,4.0,524.0,124.0,386.0,369.0,597.0,452.0,386.0,316.0,178.0,930.0,126.0,116.0,48.0,260.0,36.0,70.0
2010-11-29,12.0,0.0,0.0,0.0,0.0,0.0,30.0,0.0,6.0,54.0,26.0,0.0,0.0,0.0,10.0,26.0,78.0,0.0,50.0,18.0,6.0,6.0,2.0,8.0,71.0,0.0,0.0,0.0,0.0,0.0,70.0,44.0,256.0,162.0,74.0,0.0,0.0,0.0,126.0,216.0,168.0,0.0,150.0,172.0,81.0,95.0,118.0,192.0,254.0,104.0,0.0,0.0,0.0,2.0,95.0,367.0,110.0,384.0,244.0,0.0,0.0,0.0,14.0,402.0,332.0,0.0,342.0,38.0,82.0,128.0,8.0,186.0
2010-11-30,14.0,0.0,0.0,0.0,0.0,0.0,0.0,0.0,8.0,8.0,48.0,30.0,0.0,8.0,16.0,26.0,310.0,66.0,82.0,30.0,10.0,28.0,2.0,0.0,64.0,0.0,0.0,0.0,0.0,0.0,0.0,0.0,82.0,50.0,64.0,238.0,0.0,6.0,148.0,426.0,458.0,428.0,196.0,105.0,97.0,112.0,76.0,0.0,214.0,0.0,0.0,0.0,0.0,0.0,32.0,2.0,194.0,500.0,388.0,325.0,0.0,100.0,146.0,909.0,524.0,404.0,320.0,262.0,98.0,204.0,163.0,22.0
2010-12-01,0.0,0.0,0.0,0.0,0.0,0.0,0.0,0.0,4.0,16.0,102.0,52.0,0.0,22.0,22.0,34.0,16.0,16.0,62.0,0.0,8.0,62.0,8.0,12.0,0.0,0.0,0.0,0.0,0.0,0.0,0.0,0.0,12.0,194.0,126.0,42.0,0.0,138.0,248.0,160.0,196.0,250.0,138.0,90.0,104.0,250.0,200.0,114.0,4.0,0.0,0.0,2.0,0.0,10.0,2.0,10.0,92.0,393.0,770.0,118.0,0.0,32.0,123.0,575.0,68.0,126.0,350.0,24.0,8.0,222.0,64.0,238.0
2010-12-02,0.0,0.0,0.0,0.0,0.0,0.0,4.0,68.0,78.0,0.0,0.0,98.0,0.0,0.0,0.0,22.0,0.0,0.0,0.0,36.0,238.0,16.0,6.0,6.0,0.0,0.0,0.0,0.0,0.0,12.0,114.0,150.0,86.0,0.0,0.0,94.0,0.0,0.0,0.0,136.0,132.0,22.0,34.0,312.0,176.0,184.0,112.0,112.0,126.0,0.0,0.0,0.0,38.0,108.0,254.0,506.0,264.0,0.0,0.0,566.0,0.0,0.0,0.0,350.0,0.0,0.0,0.0,88.0,392.0,122.0,2.0,150.0
2010-12-03,10.0,0.0,0.0,0.0,0.0,0.0,0.0,0.0,4.0,14.0,72.0,92.0,0.0,0.0,0.0,3.0,13.0,16.0,4.0,12.0,4.0,8.0,0.0,2.0,64.0,0.0,0.0,0.0,0.0,0.0,0.0,0.0,124.0,392.0,356.0,114.0,0.0,0.0,0.0,2.0,168.0,136.0,188.0,172.0,170.0,288.0,252.0,136.0,136.0,0.0,2.0,10.0,12.0,14.0,6.0,22.0,286.0,87.0,375.0,222.0,0.0,0.0,0.0,14.0,360.0,282.0,22.0,228.0,18.0,218.0,0.0,118.0
2010-12-04,14.0,0.0,0.0,0.0,0.0,0.0,0.0,10.0,22.0,12.0,34.0,54.0,0.0,0.0,0.0,2.0,44.0,12.0,60.0,120.0,0.0,40.0,2.0,0.0,76.0,0.0,0.0,0.0,0.0,0.0,0.0,26.0,188.0,250.0,308.0,108.0,0.0,0.0,0.0,14.0,198.0,156.0,128.0,108.0,149.0,177.0,92.0,0.0,192.0,0.0,2.0,6.0,8.0,0.0,0.0,252.0,370.0,257.0,415.0,168.0,0.0,0.0,0.0,148.0,424.0,82.0,128.0,484.0,0.0,364.0,110.0,40.0
2010-12-05,0.0,0.0,0.0,0.0,0.0,0.0,14.0,11.0,9.0,0.0,0.0,42.0,0.0,60.0,66.0,4.0,0.0,132.0,86.0,14.0,22.0,0.0,4.0,0.0,0.0,0.0,0.0,0.0,0.0,4.0,88.0,42.0,116.0,0.0,0.0,138.0,0.0,108.0,90.0,10.0,0.0,124.0,370.0,232.0,318.0,136.0,70.0,0.0,6.0,6.0,12.0,8.0,54.0,61.0,403.0,458.0,246.0,0.0,0.0,492.0,194.0,1226.0,1168.0,861.0,661.0,1119.0,785.0,435.0,521.0,6.0,136.0,42.0
2010-12-06,0.0,0.0,0.0,0.0,0.0,0.0,45.0,359.0,66.0,24.0,102.0,22.0,0.0,4.0,20.0,18.0,10.0,26.0,14.0,16.0,24.0,2.0,0.0,22.0,0.0,0.0,0.0,0.0,0.0,0.0,55.0,975.0,272.0,388.0,124.0,140.0,0.0,64.0,206.0,156.0,100.0,178.0,126.0,287.0,103.0,98.0,34.0,136.0,18.0,18.0,22.0,58.0,42.0,258.0,400.0,894.0,608.0,54.0,638.0,236.0,0.0,142.0,628.0,370.0,224.0,48.0,364.0,286.0,40.0,54.0,0.0,252.0
2010-12-07,0.0,0.0,0.0,0.0,0.0,0.0,0.0,0.0,8.0,10.0,112.0,26.0,0.0,0.0,10.0,184.0,164.0,217.0,127.0,24.0,8.0,8.0,10.0,0.0,0.0,0.0,0.0,0.0,0.0,0.0,0.0,0.0,84.0,234.0,134.0,262.0,0.0,0.0,92.0,114.0,98.0,158.0,420.0,204.0,186.0,98.0,76.0,0.0,108.0,2.0,10.0,12.0,8.0,43.0,0.0,0.0,464.0,296.0,476.0,290.0,0.0,0.0,194.0,888.0,879.0,845.0,1052.0,52.0,2.0,56.0,128.0,134.0
2010-12-08,0.0,0.0,0.0,0.0,0.0,0.0,0.0,0.0,0.0,12.0,54.0,20.0,0.0,0.0,10.0,38.0,9.0,113.0,0.0,22.0,0.0,36.0,0.0,26.0,0.0,0.0,0.0,0.0,0.0,0.0,0.0,0.0,44.0,276.0,306.0,92.0,0.0,0.0,54.0,300.0,93.0,151.0,124.0,178.0,155.0,240.0,138.0,148.0,8.0,2.0,2.0,16.0,37.0,4.0,0.0,0.0,137.0,319.0,674.0,310.0,0.0,0.0,240.0,212.0,248.0,428.0,0.0,176.0,0.0,302.0,0.0,322.0
2010-12-09,0.0,0.0,0.0,0.0,0.0,0.0,16.0,15.0,93.0,0.0,0.0,0.0,0.0,22.0,26.0,0.0,16.0,18.0,0.0,0.0,0.0,10.0,10.0,4.0,0.0,0.0,0.0,0.0,0.0,0.0,210.0,124.0,142.0,0.0,0.0,0.0,0.0,206.0,94.0,0.0,106.0,234.0,68.0,0.0,0.0,196.0,230.0,36.0,0.0,0.0,0.0,44.0,0.0,52.0,355.0,303.0,206.0,0.0,0.0,0.0,0.0,324.0,286.0,0.0,336.0,86.0,54.0,0.0,0.0,322.0,186.0,104.0
2010-12-10,0.0,0.0,0.0,0.0,0.0,0.0,10.0,8.0,30.0,0.0,0.0,0.0,0.0,10.0,6.0,0.0,24.0,24.0,28.0,0.0,0.0,0.0,0.0,14.0,0.0,0.0,0.0,0.0,0.0,6.0,352.0,196.0,24.0,4.0,0.0,0.0,0.0,140.0,60.0,18.0,218.0,256.0,338.0,8.0,0.0,0.0,0.0,124.0,0.0,0.0,0.0,8.0,22.0,82.0,462.0,246.0,94.0,96.0,0.0,0.0,0.0,44.0,20.0,44.0,320.0,154.0,230.0,8.0,0.0,0.0,0.0,159.0
2010-12-11,0.0,0.0,0.0,0.0,0.0,0.0,0.0,0.0,4.0,4.0,38.0,0.0,0.0,40.0,18.0,8.0,12.0,0.0,14.0,0.0,6.0,12.0,24.0,0.0,60.0,58.0,0.0,0.0,0.0,0.0,0.0,0.0,76.0,116.0,358.0,0.0,0.0,130.0,190.0,95.0,104.0,116.0,350.0,246.0,190.0,92.0,154.0,92.0,103.0,86.0,0.0,0.0,0.0,12.0,8.0,8.0,294.0,378.0,730.0,0.0,0.0,208.0,369.0,279.0,26.0,0.0,94.0,210.0,130.0,36.0,155.0,83.0
2010-12-12,0.0,0.0,0.0,0.0,0.0,0.0,6.0,48.0,10.0,0.0,0.0,14.0,26.0,16.0,8.0,6.0,34.0,42.0,8.0,28.0,6.0,0.0,6.0,0.0,0.0,0.0,0.0,0.0,0.0,0.0,138.0,84.0,88.0,0.0,0.0,168.0,86.0,88.0,76.0,92.0,86.0,92.0,68.0,195.0,249.0,20.0,90.0,0.0,2.0,12.0,2.0,60.0,10.0,34.0,468.0,430.0,96.0,0.0,0.0,450.0,361.0,253.0,32.0,351.0,363.0,30.0,82.0,110.0,32.0,0.0,176.0,4.0
2010-12-13,0.0,0.0,0.0,0.0,0.0,0.0,8.0,38.0,0.0,12.0,3.0,50.0,36.0,119.0,120.0,2.0,0.0,0.0,0.0,18.0,99.0,0.0,0.0,4.0,0.0,0.0,0.0,0.0,0.0,0.0,100.0,234.0,0.0,57.0,224.0,272.0,154.0,111.0,149.0,204.0,0.0,0.0,0.0,65.0,256.0,52.0,44.0,106.0,0.0,0.0,0.0,42.0,0.0,32.0,250.0,532.0,0.0,174.0,449.0,239.0,360.0,235.0,364.0,439.0,0.0,0.0,0.0,264.0,158.0,0.0,44.0,92.0
2010-12-14,4.0,0.0,0.0,0.0,0.0,0.0,0.0,0.0,0.0,14.0,78.0,66.0,0.0,0.0,0.0,102.0,86.0,140.0,18.0,12.0,0.0,2.0,0.0,26.0,72.0,0.0,0.0,0.0,0.0,0.0,0.0,0.0,86.0,156.0,68.0,138.0,0.0,0.0,0.0,84.0,266.0,322.0,250.0,226.0,246.0,210.0,107.0,145.0,116.0,0.0,6.0,4.0,0.0,0.0,60.0,2.0,264.0,238.0,499.0,249.0,0.0,0.0,0.0,1035.0,615.0,714.0,346.0,54.0,0.0,32.0,0.0,104.0
2010-12-15,2.0,0.0,0.0,0.0,0.0,0.0,0.0,0.0,12.0,33.0,97.0,20.0,26.0,0.0,0.0,0.0,44.0,2.0,2.0,10.0,6.0,2.0,0.0,0.0,48.0,0.0,0.0,0.0,0.0,0.0,0.0,0.0,56.0,213.0,91.0,212.0,100.0,0.0,0.0,0.0,264.0,164.0,70.0,211.0,226.0,148.0,26.0,0.0,156.0,0.0,0.0,0.0,0.0,48.0,0.0,0.0,406.0,342.0,572.0,142.0,102.0,0.0,0.0,0.0,312.0,98.0,100.0,38.0,70.0,4.0,0.0,0.0
2010-12-16,0.0,0.0,0.0,0.0,0.0,0.0,0.0,18.0,34.0,0.0,6.0,74.0,0.0,0.0,38.0,4.0,0.0,30.0,26.0,6.0,16.0,6.0,0.0,10.0,30.0,0.0,0.0,0.0,0.0,0.0,27.0,175.0,170.0,0.0,158.0,134.0,0.0,0.0,92.0,90.0,12.0,128.0,118.0,260.0,266.0,228.0,134.0,390.0,152.0,0.0,0.0,2.0,0.0,4.0,24.0,296.0,464.0,0.0,132.0,418.0,0.0,0.0,464.0,28.0,0.0,284.0,144.0,2.0,190.0,14.0,0.0,209.0
2010-12-17,0.0,0.0,0.0,0.0,0.0,0.0,0.0,0.0,12.0,26.0,118.0,32.0,0.0,0.0,0.0,64.0,14.0,34.0,82.0,90.0,90.0,158.0,80.0,26.0,0.0,0.0,0.0,0.0,0.0,0.0,0.0,0.0,54.0,314.0,374.0,188.0,0.0,0.0,0.0,386.0,86.0,28.0,210.0,268.0,268.0,147.0,333.0,158.0,69.0,0.0,6.0,2.0,10.0,8.0,53.0,0.0,269.0,309.0,320.0,414.0,0.0,0.0,0.0,420.0,100.0,1370.0,1227.0,359.0,400.0,254.0,379.0,259.0
2010-12-18,14.0,0.0,0.0,0.0,0.0,0.0,0.0,0.0,12.0,28.0,50.0,0.0,0.0,0.0,24.0,20.0,63.0,29.0,109.0,58.0,6.0,73.0,12.0,8.0,120.0,0.0,0.0,0.0,0.0,0.0,0.0,0.0,168.0,442.0,200.0,0.0,0.0,0.0,88.0,270.0,162.0,178.0,154.0,205.0,471.0,452.0,144.0,159.0,280.0,104.0,4.0,0.0,0.0,0.0,0.0,58.0,352.0,94.0,684.0,16.0,0.0,0.0,534.0,525.0,657.0,372.0,1441.0,336.0,184.0,753.0,188.0,132.0
2010-12-19,0.0,0.0,0.0,0.0,0.0,0.0,0.0,8.0,30.0,20.0,26.0,2.0,46.0,74.0,0.0,22.0,20.0,235.0,13.0,8.0,34.0,12.0,16.0,14.0,6.0,42.0,0.0,0.0,0.0,0.0,0.0,48.0,217.0,85.0,76.0,84.0,342.0,132.0,0.0,34.0,108.0,102.0,138.0,102.0,436.0,254.0,130.0,102.0,0.0,96.0,6.0,0.0,0.0,10.0,0.0,299.0,135.0,540.0,92.0,182.0,567.0,719.0,0.0,235.0,639.0,1310.0,402.0,266.0,240.0,114.0,32.0,212.0
2010-12-20,0.0,0.0,0.0,0.0,0.0,0.0,0.0,0.0,34.0,2.0,18.0,0.0,24.0,42.0,18.0,50.0,54.0,0.0,32.0,6.0,0.0,0.0,4.0,0.0,0.0,0.0,0.0,0.0,0.0,0.0,0.0,0.0,348.0,316.0,58.0,0.0,48.0,142.0,26.0,282.0,286.0,0.0,66.0,102.0,34.0,30.0,140.0,46.0,102.0,0.0,0.0,0.0,0.0,40.0,0.0,12.0,458.0,344.0,244.0,0.0,212.0,266.0,164.0,526.0,444.0,0.0,120.0,12.0,0.0,43.0,387.0,0.0
2010-12-21,0.0,0.0,0.0,0.0,0.0,0.0,0.0,0.0,0.0,0.0,6.0,4.0,52.0,50.0,2.0,26.0,14.0,22.0,24.0,8.0,12.0,6.0,4.0,0.0,62.0,0.0,0.0,0.0,0.0,0.0,0.0,0.0,0.0,0.0,88.0,222.0,190.0,282.0,418.0,418.0,114.0,112.0,122.0,102.0,132.0,170.0,126.0,38.0,162.0,0.0,0.0,0.0,4.0,4.0,14.0,0.0,2.0,0.0,448.0,129.0,471.0,672.0,84.0,328.0,865.0,159.0,214.0,66.0,136.0,222.0,34.0,0.0
2010-12-22,0.0,0.0,0.0,0.0,0.0,0.0,0.0,0.0,0.0,16.0,14.0,0.0,0.0,0.0,16.0,58.0,50.0,2.0,34.0,22.0,10.0,18.0,12.0,10.0,58.0,0.0,0.0,0.0,0.0,0.0,0.0,0.0,32.0,311.0,133.0,0.0,0.0,20.0,496.0,148.0,130.0,130.0,286.0,240.0,207.0,138.0,147.0,196.0,166.0,8.0,2.0,0.0,2.0,0.0,46.0,48.0,110.0,302.0,498.0,0.0,0.0,40.0,140.0,703.0,943.0,98.0,118.0,284.0,28.0,422.0,36.0,126.0
2010-12-23,0.0,0.0,0.0,0.0,0.0,0.0,0.0,10.0,72.0,0.0,0.0,74.0,32.0,15.0,41.0,18.0,22.0,54.0,14.0,16.0,10.0,0.0,4.0,0.0,36.0,0.0,0.0,0.0,0.0,0.0,58.0,224.0,132.0,0.0,0.0,142.0,232.0,246.0,278.0,78.0,212.0,320.0,82.0,90.0,368.0,26.0,208.0,0.0,102.0,8.0,0.0,10.0,0.0,42.0,46.0,466.0,582.0,0.0,0.0,984.0,542.0,737.0,549.0,450.0,300.0,1306.0,199.0,269.0,74.0,0.0,170.0,54.0
2010-12-24,0.0,0.0,0.0,0.0,0.0,0.0,2.0,8.0,10.0,0.0,0.0,6.0,14.0,30.0,10.0,26.0,26.0,66.0,0.0,0.0,0.0,0.0,0.0,20.0,0.0,0.0,0.0,0.0,0.0,0.0,37.0,125.0,82.0,0.0,0.0,0.0,54.0,196.0,127.0,159.0,196.0,58.0,0.0,0.0,0.0,0.0,0.0,200.0,4.0,6.0,0.0,84.0,10.0,2.0,386.0,342.0,96.0,0.0,0.0,22.0,1189.0,723.0,1020.0,744.0,714.0,158.0,0.0,0.0,0.0,0.0,0.0,249.0
2010-12-25,0.0,0.0,0.0,0.0,0.0,0.0,48.0,0.0,0.0,12.0,20.0,6.0,40.0,0.0,56.0,52.0,80.0,29.0,0.0,8.0,2.0,0.0,10.0,2.0,0.0,0.0,0.0,0.0,0.0,12.0,78.0,0.0,0.0,100.0,74.0,120.0,144.0,76.0,70.0,18.0,210.0,162.0,16.0,234.0,108.0,66.0,288.0,56.0,19.0,0.0,0.0,0.0,6.0,50.0,476.0,0.0,0.0,14.0,990.0,500.0,248.0,344.0,466.0,267.0,279.0,182.0,0.0,128.0,54.0,0.0,106.0,114.0
2010-12-26,0.0,0.0,0.0,0.0,0.0,0.0,10.0,6.0,0.0,8.0,12.0,20.0,4.0,8.0,104.0,0.0,0.0,0.0,36.0,0.0,0.0,2.0,2.0,0.0,0.0,0.0,0.0,0.0,0.0,26.0,188.0,142.0,37.0,291.0,278.0,156.0,82.0,157.0,148.0,0.0,0.0,0.0,196.0,155.0,99.0,66.0,80.0,0.0,10.0,0.0,0.0,0.0,32.0,90.0,264.0,44.0,0.0,174.0,672.0,316.0,228.0,156.0,428.0,0.0,0.0,0.0,192.0,0.0,0.0,18.0,144.0,6.0
2010-12-27,0.0,0.0,0.0,0.0,0.0,0.0,0.0,6.0,0.0,34.0,48.0,24.0,78.0,8.0,0.0,66.0,0.0,34.0,22.0,18.0,0.0,0.0,0.0,0.0,0.0,0.0,0.0,0.0,0.0,0.0,0.0,4.0,0.0,176.0,306.0,158.0,288.0,2.0,0.0,1308.0,0.0,200.0,4.0,240.0,4.0,10.0,0.0,90.0,2.0,2.0,2.0,0.0,0.0,10.0,14.0,117.0,317.0,606.0,676.0,1018.0,1183.0,55.0,0.0,996.0,547.0,1025.0,1116.0,866.0,450.0,446.0,158.0,52.0
2010-12-28,4.0,0.0,0.0,0.0,0.0,0.0,0.0,2.0,52.0,26.0,34.0,46.0,66.0,160.0,18.0,66.0,60.0,0.0,6.0,86.0,18.0,16.0,16.0,2.0,166.0,0.0,0.0,0.0,6.0,0.0,2.0,22.0,622.0,666.0,224.0,170.0,141.0,279.0,292.0,236.0,308.0,118.0,140.0,228.0,224.0,97.0,189.0,148.0,188.0,0.0,0.0,0.0,114.0,12.0,124.0,307.0,871.0,332.0,1072.0,1003.0,1334.0,1185.0,751.0,1155.0,494.0,334.0,482.0,1016.0,298.0,108.0,192.0,128.0
2010-12-29,0.0,0.0,0.0,0.0,0.0,0.0,0.0,44.0,0.0,34.0,33.0,59.0,128.0,34.0,24.0,0.0,28.0,100.0,98.0,2.0,22.0,4.0,0.0,2.0,0.0,0.0,0.0,0.0,0.0,0.0,50.0,320.0,152.0,178.0,552.0,684.0,764.0,282.0,312.0,986.0,366.0,685.0,1081.0,386.0,552.0,297.0,99.0,190.0,32.0,4.0,2.0,0.0,70.0,10.0,45.0,421.0,364.0,1309.0,505.0,895.0,1510.0,569.0,132.0,93.0,385.0,1093.0,795.0,80.0,424.0,182.0,160.0,56.0
2010-12-30,2.0,0.0,0.0,0.0,0.0,0.0,4.0,32.0,52.0,94.0,40.0,56.0,144.0,40.0,12.0,0.0,106.0,44.0,24.0,74.0,0.0,8.0,12.0,4.0,94.0,178.0,0.0,0.0,0.0,0.0,16.0,176.0,434.0,380.0,146.0,364.0,232.0,218.0,50.0,0.0,150.0,348.0,184.0,108.0,120.0,168.0,150.0,134.0,98.0,185.0,19.0,14.0,26.0,114.0,465.0,829.0,340.0,326.0,608.0,989.0,1249.0,1350.0,574.0,470.0,1347.0,502.0,467.0,268.0,0.0,102.0,66.0,40.0
2010-12-31,6.0,0.0,0.0,0.0,0.0,0.0,0.0,16.0,40.0,0.0,0.0,0.0,0.0,20.0,24.0,20.0,44.0,32.0,18.0,34.0,72.0,36.0,0.0,8.0,112.0,0.0,0.0,0.0,0.0,0.0,0.0,146.0,132.0,0.0,0.0,0.0,0.0,12.0,302.0,220.0,496.0,406.0,204.0,286.0,138.0,196.0,154.0,248.0,130.0,44.0,4.0,0.0,6.0,22.0,48.0,505.0,224.0,0.0,0.0,0.0,0.0,175.0,707.0,141.0,330.0,64.0,224.0,662.0,42.0,230.0,26.0,76.0
2011-01-01,0.0,4.0,0.0,0.0,0.0,0.0,0.0,0.0,0.0,0.0,4.0,34.0,70.0,4.0,18.0,8.0,0.0,34.0,88.0,16.0,24.0,2.0,46.0,16.0,210.0,64.0,0.0,0.0,0.0,0.0,0.0,0.0,0.0,0.0,36.0,356.0,330.0,655.0,425.0,98.0,52.0,336.0,442.0,154.0,204.0,226.0,112.0,88.0,0.0,184.0,6.0,0.0,0.0,0.0,56.0,16.0,2.0,0.0,256.0,392.0,412.0,22.0,80.0,387.0,109.0,418.0,294.0,86.0,119.0,173.0,28.0,58.0
2011-01-02,6.0,0.0,0.0,0.0,0.0,0.0,8.0,21.0,41.0,0.0,0.0,0.0,48.0,20.0,0.0,0.0,18.0,0.0,18.0,36.0,94.0,8.0,0.0,12.0,26.0,0.0,0.0,0.0,0.0,5.0,157.0,122.0,86.0,0.0,0.0,0.0,238.0,166.0,0.0,0.0,159.0,165.0,710.0,1050.0,932.0,126.0,110.0,85.0,150.0,0.0,50.0,14.0,6.0,148.0,358.0,383.0,237.0,0.0,0.0,0.0,118.0,312.0,0.0,0.0,456.0,0.0,80.0,96.0,304.0,446.0,20.0,91.0
2011-01-03,2.0,0.0,0.0,0.0,0.0,0.0,0.0,0.0,8.0,6.0,25.0,125.0,4.0,78.0,8.0,6.0,38.0,6.0,14.0,26.0,14.0,8.0,6.0,0.0,67.0,0.0,0.0,0.0,0.0,0.0,0.0,0.0,6.0,144.0,222.0,86.0,687.0,325.0,48.0,14.0,218.0,122.0,118.0,146.0,176.0,320.0,248.0,429.0,127.0,0.0,0.0,6.0,6.0,4.0,0.0,0.0,280.0,120.0,638.0,362.0,10.0,442.0,136.0,238.0,420.0,12.0,164.0,302.0,42.0,40.0,102.0,0.0
2011-01-04,28.0,0.0,0.0,0.0,0.0,0.0,0.0,0.0,6.0,6.0,52.0,34.0,0.0,10.0,32.0,110.0,50.0,147.0,283.0,206.0,14.0,4.0,0.0,4.0,151.0,0.0,0.0,0.0,0.0,0.0,0.0,0.0,112.0,456.0,120.0,122.0,0.0,30.0,150.0,160.0,291.0,435.0,216.0,1004.0,102.0,182.0,54.0,170.0,168.0,38.0,0.0,0.0,2.0,0.0,4.0,0.0,568.0,72.0,536.0,216.0,0.0,134.0,94.0,1062.0,814.0,1163.0,597.0,774.0,36.0,24.0,0.0,158.0
2011-01-05,0.0,0.0,0.0,0.0,0.0,0.0,0.0,0.0,38.0,45.0,41.0,32.0,0.0,0.0,18.0,36.0,0.0,0.0,0.0,12.0,0.0,14.0,20.0,0.0,32.0,0.0,0.0,0.0,0.0,0.0,0.0,0.0,160.0,242.0,102.0,184.0,0.0,0.0,150.0,214.0,0.0,0.0,0.0,116.0,346.0,298.0,176.0,0.0,100.0,6.0,0.0,0.0,2.0,40.0,0.0,22.0,626.0,364.0,472.0,226.0,0.0,0.0,612.0,180.0,0.0,0.0,0.0,28.0,0.0,172.0,220.0,22.0
2011-01-06,0.0,0.0,0.0,0.0,0.0,0.0,0.0,16.0,18.0,0.0,54.0,0.0,0.0,10.0,16.0,0.0,0.0,20.0,4.0,18.0,0.0,4.0,6.0,4.0,0.0,0.0,0.0,0.0,0.0,0.0,2.0,136.0,260.0,0.0,58.0,0.0,0.0,66.0,176.0,38.0,8.0,150.0,248.0,126.0,166.0,482.0,259.0,73.0,6.0,8.0,0.0,6.0,8.0,8.0,77.0,325.0,344.0,0.0,124.0,0.0,0.0,230.0,92.0,0.0,0.0,24.0,128.0,178.0,14.0,56.0,16.0,44.0
2011-01-07,0.0,0.0,0.0,0.0,0.0,0.0,0.0,0.0,22.0,38.0,96.0,40.0,0.0,0.0,0.0,0.0,30.0,6.0,6.0,54.0,10.0,0.0,72.0,0.0,40.0,0.0,0.0,0.0,0.0,0.0,0.0,0.0,237.0,527.0,170.0,106.0,0.0,0.0,0.0,36.0,182.0,72.0,22.0,190.0,209.0,318.0,379.0,86.0,90.0,0.0,0.0,0.0,0.0,10.0,4.0,32.0,376.0,148.0,587.0,341.0,0.0,0.0,0.0,168.0,450.0,2.0,228.0,406.0,34.0,0.0,242.0,0.0
2011-01-08,0.0,0.0,0.0,0.0,0.0,0.0,0.0,0.0,0.0,12.0,6.0,6.0,0.0,104.0,14.0,48.0,22.0,4.0,8.0,0.0,6.0,6.0,4.0,2.0,34.0,0.0,0.0,0.0,0.0,0.0,0.0,0.0,0.0,148.0,228.0,188.0,736.0,354.0,128.0,282.0,120.0,86.0,118.0,168.0,304.0,92.0,116.0,52.0,120.0,0.0,0.0,0.0,0.0,36.0,0.0,0.0,4.0,438.0,136.0,614.0,130.0,342.0,138.0,364.0,480.0,20.0,152.0,0.0,170.0,16.0,40.0,158.0
2011-01-09,0.0,0.0,0.0,0.0,0.0,0.0,0.0,0.0,48.0,8.0,82.0,28.0,0.0,70.0,16.0,4.0,46.0,24.0,0.0,6.0,22.0,0.0,16.0,8.0,0.0,0.0,0.0,0.0,0.0,0.0,0.0,0.0,366.0,830.0,262.0,148.0,242.0,356.0,210.0,40.0,12.0,24.0,0.0,12.0,112.0,60.0,170.0,98.0,2.0,0.0,0.0,16.0,10.0,48.0,0.0,0.0,652.0,100.0,308.0,572.0,73.0,669.0,106.0,310.0,748.0,370.0,284.0,182.0,146.0,0.0,88.0,90.0
2011-01-10,0.0,0.0,0.0,0.0,0.0,0.0,0.0,6.0,36.0,0.0,6.0,18.0,0.0,28.0,16.0,0.0,0.0,0.0,0.0,26.0,2.0,2.0,24.0,0.0,18.0,0.0,0.0,0.0,0.0,0.0,2.0,102.0,202.0,0.0,20.0,148.0,0.0,72.0,136.0,0.0,0.0,0.0,0.0,126.0,140.0,56.0,104.0,6.0,58.0,0.0,0.0,0.0,36.0,2.0,64.0,212.0,658.0,0.0,36.0,404.0,0.0,150.0,122.0,0.0,0.0,0.0,0.0,620.0,64.0,13.0,223.0,0.0
2011-01-11,4.0,0.0,0.0,0.0,0.0,0.0,0.0,0.0,4.0,22.0,174.0,36.0,0.0,0.0,56.0,74.0,26.0,38.0,6.0,16.0,14.0,2.0,8.0,16.0,46.0,0.0,0.0,0.0,0.0,0.0,0.0,0.0,16.0,216.0,122.0,220.0,0.0,0.0,176.0,1020.0,268.0,118.0,265.0,185.0,190.0,94.0,96.0,72.0,156.0,0.0,0.0,4.0,0.0,0.0,42.0,0.0,18.0,344.0,354.0,412.0,0.0,0.0,406.0,352.0,660.0,530.0,52.0,152.0,138.0,32.0,18.0,88.0
2011-01-12,6.0,0.0,0.0,0.0,0.0,0.0,0.0,0.0,8.0,16.0,88.0,24.0,0.0,0.0,54.0,10.0,40.0,14.0,0.0,0.0,11.0,0.0,0.0,36.0,8.0,0.0,0.0,0.0,0.0,0.0,0.0,0.0,162.0,238.0,152.0,228.0,0.0,0.0,192.0,50.0,445.0,65.0,0.0,0.0,93.0,28.0,0.0,162.0,66.0,6.0,2.0,2.0,0.0,6.0,2.0,0.0,304.0,64.0,388.0,337.0,0.0,0.0,347.0,364.0,464.0,84.0,0.0,0.0,54.0,0.0,0.0,218.0
2011-01-13,0.0,0.0,0.0,0.0,0.0,0.0,0.0,12.0,36.0,0.0,86.0,12.0,0.0,36.0,30.0,18.0,28.0,0.0,20.0,20.0,10.0,0.0,50.0,0.0,0.0,0.0,0.0,0.0,0.0,0.0,0.0,114.0,140.0,0.0,86.0,90.0,0.0,86.0,246.0,50.0,170.0,114.0,174.0,254.0,162.0,76.0,136.0,0.0,30.0,0.0,0.0,0.0,4.0,6.0,16.0,448.0,350.0,0.0,302.0,200.0,0.0,344.0,168.0,80.0,424.0,10.0,468.0,126.0,8.0,0.0,190.0,52.0
2011-01-14,0.0,0.0,0.0,0.0,0.0,0.0,0.0,0.0,0.0,8.0,90.0,60.0,0.0,2.0,16.0,0.0,90.0,16.0,84.0,6.0,6.0,8.0,0.0,0.0,0.0,0.0,0.0,0.0,0.0,0.0,0.0,0.0,146.0,274.0,348.0,282.0,0.0,28.0,174.0,96.0,168.0,18.0,108.0,86.0,128.0,136.0,74.0,54.0,18.0,2.0,4.0,0.0,8.0,34.0,8.0,16.0,412.0,190.0,304.0,372.0,0.0,122.0,282.0,0.0,416.0,270.0,278.0,4.0,124.0,44.0,75.0,61.0
2011-01-15,0.0,0.0,0.0,0.0,0.0,0.0,0.0,0.0,4.0,40.0,0.0,30.0,0.0,82.0,8.0,34.0,20.0,22.0,80.0,165.0,35.0,20.0,20.0,2.0,18.0,0.0,0.0,0.0,0.0,6.0,0.0,0.0,8.0,90.0,0.0,30.0,0.0,92.0,139.0,283.0,174.0,16.0,48.0,392.0,352.0,550.0,286.0,130.0,98.0,0.0,0.0,0.0,0.0,44.0,2.0,0.0,125.0,345.0,0.0,276.0,0.0,742.0,68.0,639.0,1125.0,678.0,1330.0,686.0,723.0,587.0,278.0,84.0
2011-01-16,10.0,0.0,0.0,0.0,0.0,0.0,0.0,0.0,38.0,28.0,40.0,14.0,0.0,82.0,0.0,2.0,10.0,0.0,12.0,2.0,16.0,40.0,4.0,14.0,80.0,0.0,0.0,0.0,0.0,0.0,10.0,6.0,109.0,793.0,988.0,860.0,684.0,442.0,8.0,18.0,0.0,0.0,38.0,128.0,187.0,153.0,42.0,106.0,168.0,0.0,36.0,64.0,18.0,105.0,353.0,482.0,750.0,386.0,592.0,332.0,36.0,1158.0,521.0,387.0,322.0,298.0,292.0,416.0,134.0,38.0,0.0,204.0
2011-01-17,0.0,0.0,0.0,0.0,0.0,0.0,0.0,0.0,10.0,12.0,52.0,156.0,98.0,0.0,0.0,40.0,54.0,30.0,32.0,48.0,12.0,4.0,10.0,20.0,38.0,0.0,0.0,0.0,0.0,0.0,0.0,0.0,219.0,255.0,180.0,100.0,100.0,0.0,0.0,140.0,235.0,295.0,118.0,237.0,118.0,148.0,208.0,164.0,70.0,4.0,6.0,0.0,38.0,30.0,14.0,6.0,286.0,318.0,632.0,146.0,300.0,0.0,0.0,436.0,264.0,108.0,654.0,304.0,94.0,44.0,36.0,60.0
2011-01-18,16.0,0.0,0.0,0.0,0.0,0.0,0.0,0.0,6.0,6.0,82.0,28.0,0.0,0.0,10.0,188.0,88.0,38.0,322.0,96.0,4.0,0.0,46.0,8.0,138.0,0.0,0.0,0.0,0.0,0.0,0.0,0.0,74.0,216.0,182.0,228.0,0.0,0.0,52.0,569.0,145.0,530.0,382.0,442.0,114.0,102.0,168.0,130.0,161.0,193.0,2.0,16.0,2.0,2.0,96.0,2.0,436.0,64.0,672.0,426.0,0.0,0.0,126.0,969.0,669.0,1073.0,1741.0,1084.0,104.0,0.0,162.0,162.0
2011-01-19,0.0,0.0,0.0,0.0,0.0,0.0,0.0,0.0,4.0,20.0,122.0,30.0,0.0,0.0,32.0,26.0,122.0,22.0,4.0,6.0,14.0,0.0,0.0,0.0,4.0,0.0,0.0,0.0,0.0,0.0,0.0,0.0,18.0,282.0,120.0,332.0,0.0,0.0,96.0,232.0,120.0,246.0,4.0,14.0,116.0,20.0,0.0,2.0,108.0,0.0,0.0,0.0,44.0,0.0,0.0,0.0,224.0,140.0,337.0,255.0,0.0,0.0,338.0,277.0,417.0,229.0,27.0,68.0,272.0,0.0,0.0,0.0
2011-01-20,4.0,28.0,0.0,0.0,0.0,0.0,0.0,8.0,48.0,0.0,108.0,6.0,0.0,8.0,10.0,4.0,0.0,10.0,18.0,0.0,18.0,0.0,0.0,2.0,30.0,174.0,0.0,0.0,0.0,0.0,0.0,158.0,209.0,0.0,70.0,132.0,0.0,168.0,94.0,42.0,0.0,162.0,134.0,88.0,214.0,142.0,50.0,52.0,56.0,158.0,4.0,0.0,0.0,2.0,44.0,374.0,228.0,0.0,588.0,168.0,0.0,292.0,48.0,96.0,6.0,361.0,107.0,0.0,178.0,0.0,0.0,44.0
2011-01-21,6.0,0.0,0.0,0.0,0.0,0.0,0.0,12.0,32.0,6.0,56.0,0.0,0.0,0.0,32.0,0.0,14.0,28.0,6.0,14.0,14.0,6.0,18.0,6.0,8.0,0.0,0.0,0.0,0.0,0.0,0.0,254.0,246.0,58.0,124.0,0.0,0.0,0.0,60.0,0.0,88.0,284.0,106.0,126.0,142.0,134.0,154.0,180.0,140.0,10.0,4.0,0.0,8.0,8.0,46.0,356.0,316.0,116.0,422.0,0.0,0.0,0.0,678.0,176.0,660.0,232.0,16.0,30.0,150.0,44.0,36.0,80.0
2011-01-22,12.0,0.0,0.0,0.0,0.0,0.0,0.0,6.0,30.0,68.0,20.0,0.0,0.0,26.0,95.0,321.0,14.0,10.0,30.0,28.0,4.0,12.0,4.0,0.0,68.0,0.0,0.0,0.0,0.0,0.0,0.0,10.0,304.0,118.0,90.0,0.0,0.0,190.0,296.0,425.0,377.0,142.0,168.0,110.0,76.0,250.0,18.0,0.0,142.0,8.0,14.0,12.0,0.0,39.0,9.0,334.0,226.0,514.0,194.0,0.0,0.0,428.0,1035.0,797.0,251.0,225.0,234.0,246.0,2.0,154.0,164.0,8.0
2011-01-23,0.0,0.0,0.0,0.0,0.0,4.0,22.0,64.0,18.0,0.0,0.0,0.0,2.0,6.0,10.0,0.0,0.0,18.0,0.0,0.0,20.0,10.0,0.0,8.0,0.0,0.0,0.0,0.0,0.0,96.0,341.0,141.0,146.0,0.0,0.0,0.0,148.0,160.0,32.0,0.0,26.0,196.0,188.0,396.0,274.0,192.0,36.0,86.0,0.0,14.0,14.0,10.0,6.0,568.0,425.0,545.0,502.0,0.0,0.0,0.0,392.0,62.0,14.0,0.0,0.0,98.0,0.0,0.0,372.0,74.0,0.0,222.0
2011-01-24,0.0,0.0,0.0,0.0,0.0,0.0,0.0,0.0,16.0,8.0,52.0,52.0,0.0,10.0,30.0,4.0,50.0,8.0,28.0,0.0,16.0,20.0,38.0,0.0,0.0,0.0,0.0,0.0,0.0,0.0,0.0,0.0,234.0,268.0,144.0,186.0,0.0,92.0,206.0,96.0,153.0,34.0,146.0,218.0,118.0,130.0,242.0,45.0,132.0,0.0,0.0,0.0,10.0,8.0,8.0,50.0,308.0,10.0,312.0,348.0,0.0,108.0,500.0,62.0,164.0,155.0,493.0,0.0,50.0,54.0,108.0,0.0
2011-01-25,0.0,0.0,4.0,0.0,0.0,0.0,0.0,2.0,2.0,4.0,34.0,6.0,54.0,12.0,50.0,15.0,71.0,78.0,346.0,166.0,0.0,32.0,4.0,0.0,1.0,0.0,114.0,0.0,0.0,0.0,0.0,36.0,210.0,18.0,44.0,198.0,502.0,296.0,190.0,97.0,141.0,148.0,547.0,801.0,166.0,192.0,138.0,172.0,0.0,0.0,162.0,0.0,0.0,2.0,0.0,186.0,456.0,461.0,1091.0,480.0,470.0,94.0,594.0,335.0,453.0,1066.0,924.0,1064.0,0.0,110.0,22.0,0.0
2011-01-26,0.0,0.0,0.0,0.0,0.0,0.0,0.0,0.0,16.0,36.0,124.0,8.0,0.0,0.0,0.0,28.0,34.0,4.0,2.0,28.0,6.0,4.0,0.0,0.0,214.0,244.0,0.0,0.0,0.0,0.0,0.0,0.0,98.0,280.0,160.0,158.0,0.0,0.0,0.0,170.0,96.0,52.0,42.0,144.0,234.0,168.0,492.0,423.0,0.0,94.0,36.0,0.0,0.0,2.0,0.0,0.0,182.0,232.0,532.0,508.0,0.0,0.0,0.0,262.0,359.0,431.0,303.0,139.0,62.0,70.0,0.0,0.0
2011-01-27,12.0,6.0,0.0,0.0,0.0,0.0,10.0,10.0,72.0,0.0,0.0,30.0,0.0,0.0,20.0,0.0,44.0,14.0,4.0,12.0,8.0,0.0,6.0,0.0,553.0,14.0,0.0,0.0,0.0,0.0,136.0,226.0,240.0,0.0,0.0,64.0,0.0,0.0,102.0,46.0,142.0,63.0,175.0,182.0,102.0,18.0,122.0,0.0,57.0,195.0,0.0,0.0,0.0,0.0,364.0,295.0,443.0,0.0,0.0,360.0,0.0,0.0,148.0,0.0,230.0,106.0,134.0,294.0,134.0,0.0,222.0,2.0
2011-01-28,0.0,0.0,0.0,0.0,0.0,0.0,0.0,18.0,16.0,22.0,10.0,54.0,0.0,18.0,8.0,42.0,42.0,32.0,270.0,152.0,2.0,6.0,28.0,0.0,0.0,0.0,0.0,0.0,0.0,0.0,0.0,55.0,237.0,108.0,60.0,122.0,0.0,122.0,104.0,148.0,232.0,146.0,112.0,0.0,602.0,544.0,260.0,94.0,2.0,0.0,0.0,2.0,4.0,2.0,0.0,442.0,164.0,598.0,121.0,821.0,0.0,208.0,126.0,920.0,870.0,1048.0,650.0,976.0,106.0,14.0,280.0,0.0
2011-01-29,2.0,0.0,0.0,0.0,0.0,0.0,0.0,0.0,38.0,6.0,2.0,54.0,16.0,16.0,0.0,14.0,34.0,30.0,22.0,0.0,0.0,0.0,12.0,10.0,202.0,0.0,0.0,0.0,0.0,0.0,0.0,0.0,134.0,321.0,456.0,172.0,566.0,162.0,0.0,131.0,267.0,80.0,50.0,0.0,0.0,0.0,136.0,110.0,56.0,0.0,2.0,2.0,10.0,44.0,0.0,0.0,252.0,42.0,54.0,580.0,393.0,191.0,0.0,98.0,574.0,344.0,172.0,0.0,0.0,0.0,313.0,247.0
2011-01-30,0.0,0.0,0.0,0.0,0.0,0.0,6.0,8.0,38.0,0.0,0.0,18.0,6.0,4.0,0.0,32.0,20.0,8.0,12.0,8.0,16.0,4.0,2.0,4.0,0.0,0.0,0.0,0.0,0.0,0.0,178.0,160.0,88.0,0.0,0.0,86.0,64.0,29.0,89.0,213.0,95.0,120.0,62.0,122.0,403.0,223.0,116.0,16.0,26.0,0.0,2.0,0.0,8.0,8.0,398.0,374.0,142.0,0.0,0.0,88.0,26.0,36.0,0.0,170.0,246.0,70.0,50.0,122.0,128.0,46.0,88.0,112.0
2011-01-31,0.0,0.0,0.0,0.0,0.0,0.0,0.0,4.0,12.0,54.0,4.0,94.0,0.0,0.0,20.0,24.0,18.0,0.0,0.0,8.0,32.0,0.0,6.0,6.0,0.0,0.0,0.0,0.0,0.0,0.0,0.0,32.0,182.0,276.0,143.0,181.0,0.0,0.0,138.0,231.0,33.0,0.0,30.0,212.0,355.0,95.0,146.0,154.0,0.0,0.0,0.0,46.0,0.0,0.0,0.0,196.0,136.0,636.0,281.0,389.0,0.0,0.0,224.0,231.0,441.0,6.0,135.0,375.0,106.0,0.0,34.0,18.0
2011-02-01,174.0,0.0,0.0,0.0,0.0,0.0,4.0,16.0,40.0,0.0,26.0,34.0,0.0,26.0,4.0,108.0,36.0,66.0,0.0,26.0,4.0,0.0,0.0,0.0,130.0,0.0,0.0,0.0,0.0,0.0,208.0,176.0,184.0,0.0,156.0,222.0,0.0,112.0,606.0,280.0,44.0,542.0,0.0,98.0,88.0,78.0,0.0,0.0,194.0,62.0,0.0,0.0,2.0,46.0,590.0,422.0,252.0,0.0,138.0,200.0,0.0,296.0,66.0,568.0,872.0,568.0,0.0,198.0,24.0,74.0,0.0,2.0
2011-02-02,0.0,0.0,0.0,0.0,0.0,0.0,0.0,40.0,26.0,58.0,32.0,0.0,0.0,0.0,34.0,66.0,22.0,12.0,12.0,10.0,14.0,14.0,0.0,12.0,0.0,0.0,0.0,0.0,0.0,0.0,0.0,54.0,204.0,450.0,64.0,0.0,0.0,0.0,171.0,191.0,180.0,113.0,127.0,142.0,130.0,208.0,72.0,102.0,0.0,6.0,76.0,198.0,6.0,0.0,0.0,388.0,159.0,550.0,315.0,0.0,0.0,0.0,254.0,16.0,308.0,20.0,66.0,112.0,46.0,112.0,0.0,10.0
2011-02-03,18.0,0.0,0.0,0.0,0.0,0.0,10.0,18.0,44.0,0.0,0.0,0.0,32.0,0.0,0.0,78.0,105.0,177.0,12.0,8.0,0.0,22.0,10.0,0.0,86.0,0.0,0.0,0.0,0.0,0.0,22.0,96.0,162.0,0.0,0.0,0.0,88.0,0.0,0.0,22.0,296.0,390.0,220.0,114.0,94.0,139.0,113.0,242.0,256.0,40.0,0.0,0.0,0.0,0.0,288.0,266.0,234.0,0.0,0.0,0.0,202.0,0.0,0.0,819.0,227.0,113.0,689.0,134.0,0.0,223.0,161.0,24.0
2011-02-04,2.0,0.0,0.0,0.0,0.0,0.0,0.0,24.0,6.0,50.0,0.0,0.0,92.0,0.0,36.0,44.0,58.0,52.0,4.0,22.0,6.0,2.0,12.0,0.0,40.0,0.0,0.0,0.0,0.0,0.0,2.0,188.0,244.0,50.0,0.0,0.0,204.0,62.0,58.0,66.0,112.0,324.0,0.0,76.0,202.0,136.0,96.0,0.0,48.0,0.0,0.0,0.0,72.0,0.0,204.0,226.0,266.0,450.0,0.0,0.0,470.0,0.0,58.0,290.0,264.0,346.0,18.0,260.0,34.0,36.0,152.0,36.0
2011-02-05,0.0,0.0,0.0,0.0,0.0,0.0,2.0,30.0,24.0,22.0,0.0,0.0,0.0,48.0,22.0,2.0,15.0,21.0,6.0,8.0,0.0,0.0,20.0,4.0,0.0,0.0,0.0,0.0,0.0,0.0,96.0,138.0,86.0,16.0,0.0,0.0,0.0,108.0,318.0,102.0,160.0,321.0,323.0,216.0,314.0,112.0,170.0,48.0,6.0,2.0,2.0,12.0,34.0,4.0,424.0,304.0,308.0,52.0,0.0,0.0,0.0,560.0,216.0,76.0,32.0,610.0,166.0,14.0,106.0,0.0,68.0,40.0
2011-02-06,0.0,2.0,0.0,0.0,0.0,0.0,20.0,12.0,30.0,0.0,12.0,20.0,10.0,8.0,0.0,0.0,0.0,12.0,0.0,6.0,10.0,4.0,0.0,24.0,2.0,32.0,14.0,0.0,0.0,0.0,118.0,166.0,24.0,0.0,4.0,202.0,104.0,148.0,0.0,10.0,58.0,216.0,90.0,172.0,310.0,92.0,40.0,116.0,0.0,10.0,116.0,0.0,0.0,2.0,374.0,574.0,300.0,0.0,4.0,274.0,6.0,36.0,0.0,0.0,158.0,214.0,0.0,46.0,178.0,18.0,0.0,282.0
2011-02-07,0.0,0.0,0.0,0.0,0.0,0.0,0.0,6.0,12.0,138.0,68.0,118.0,0.0,0.0,44.0,8.0,116.0,98.0,28.0,32.0,6.0,0.0,0.0,4.0,0.0,0.0,0.0,0.0,0.0,0.0,0.0,48.0,272.0,148.0,102.0,104.0,0.0,0.0,168.0,82.0,112.0,224.0,130.0,190.0,110.0,64.0,36.0,98.0,74.0,6.0,4.0,4.0,0.0,22.0,0.0,450.0,250.0,654.0,368.0,198.0,0.0,0.0,447.0,407.0,266.0,346.0,614.0,154.0,124.0,0.0,0.0,58.0
2011-02-08,12.0,0.0,0.0,0.0,0.0,0.0,0.0,6.0,24.0,55.0,3.0,76.0,34.0,40.0,18.0,70.0,8.0,80.0,8.0,6.0,18.0,10.0,2.0,0.0,52.0,0.0,0.0,0.0,0.0,0.0,20.0,222.0,354.0,314.0,188.0,148.0,84.0,106.0,206.0,424.0,352.0,458.0,122.0,198.0,160.0,166.0,72.0,143.0,29.0,3.0,10.0,6.0,0.0,68.0,94.0,380.0,24.0,597.0,545.0,1005.0,187.0,852.0,462.0,398.0,432.0,740.0,278.0,50.0,106.0,54.0,20.0,70.0
2011-02-09,0.0,0.0,0.0,0.0,0.0,0.0,0.0,12.0,34.0,42.0,4.0,40.0,0.0,0.0,12.0,13.0,67.0,16.0,10.0,42.0,18.0,0.0,0.0,2.0,9.0,0.0,0.0,0.0,0.0,0.0,0.0,194.0,218.0,480.0,210.0,250.0,0.0,0.0,32.0,160.0,78.0,220.0,230.0,568.0,386.0,208.0,100.0,136.0,68.0,0.0,0.0,0.0,28.0,0.0,7.0,465.0,50.0,418.0,302.0,410.0,0.0,0.0,76.0,554.0,978.0,1046.0,825.0,559.0,1084.0,130.0,0.0,202.0
2011-02-10,0.0,0.0,0.0,0.0,0.0,0.0,62.0,36.0,132.0,36.0,40.0,110.0,120.0,104.0,10.0,16.0,12.0,18.0,58.0,18.0,26.0,8.0,8.0,2.0,0.0,0.0,0.0,0.0,0.0,0.0,282.0,320.0,484.0,348.0,352.0,336.0,580.0,445.0,239.0,346.0,559.0,285.0,614.0,200.0,310.0,78.0,320.0,90.0,24.0,38.0,46.0,16.0,112.0,191.0,785.0,1102.0,927.0,324.0,728.0,493.0,118.0,730.0,538.0,538.0,76.0,112.0,450.0,252.0,372.0,176.0,150.0,166.0
2011-02-11,0.0,0.0,0.0,0.0,0.0,0.0,8.0,142.0,42.0,26.0,4.0,46.0,0.0,0.0,44.0,16.0,12.0,2.0,10.0,12.0,10.0,0.0,10.0,24.0,38.0,0.0,0.0,0.0,0.0,22.0,222.0,333.0,211.0,90.0,268.0,118.0,0.0,0.0,220.0,288.0,184.0,0.0,120.0,162.0,174.0,16.0,84.0,162.0,110.0,0.0,0.0,0.0,0.0,313.0,809.0,944.0,223.0,445.0,92.0,308.0,0.0,0.0,296.0,150.0,90.0,58.0,52.0,252.0,46.0,0.0,98.0,120.0
2011-02-12,0.0,0.0,0.0,0.0,0.0,0.0,0.0,0.0,15.0,11.0,38.0,0.0,0.0,20.0,78.0,32.0,22.0,2.0,24.0,2.0,10.0,0.0,0.0,0.0,50.0,0.0,0.0,0.0,0.0,0.0,0.0,0.0,34.0,338.0,250.0,0.0,0.0,52.0,422.0,556.0,106.0,68.0,125.0,219.0,196.0,0.0,0.0,0.0,114.0,4.0,0.0,0.0,44.0,6.0,8.0,6.0,235.0,289.0,562.0,0.0,0.0,76.0,1406.0,336.0,350.0,186.0,122.0,6.0,110.0,46.0,4.0,18.0
2011-02-13,0.0,0.0,0.0,0.0,0.0,0.0,0.0,4.0,16.0,8.0,36.0,34.0,54.0,16.0,18.0,10.0,0.0,24.0,2.0,4.0,14.0,0.0,0.0,8.0,0.0,0.0,0.0,0.0,0.0,0.0,0.0,8.0,258.0,246.0,192.0,106.0,194.0,178.0,375.0,561.0,497.0,263.0,88.0,52.0,106.0,18.0,18.0,156.0,0.0,6.0,20.0,38.0,14.0,6.0,6.0,126.0,664.0,56.0,102.0,316.0,212.0,204.0,35.0,35.0,0.0,624.0,24.0,110.0,86.0,0.0,0.0,180.0
2011-02-14,0.0,0.0,0.0,0.0,0.0,0.0,0.0,0.0,4.0,96.0,28.0,68.0,0.0,34.0,49.0,27.0,12.0,36.0,14.0,4.0,10.0,4.0,0.0,48.0,76.0,0.0,0.0,0.0,0.0,0.0,0.0,30.0,332.0,80.0,44.0,152.0,0.0,54.0,234.0,186.0,92.0,286.0,132.0,116.0,160.0,90.0,194.0,330.0,92.0,14.0,0.0,0.0,40.0,0.0,2.0,460.0,140.0,356.0,388.0,462.0,0.0,274.0,474.0,1231.0,1207.0,992.0,134.0,54.0,52.0,8.0,32.0,514.0
2011-02-15,18.0,0.0,0.0,0.0,0.0,0.0,0.0,0.0,8.0,80.0,98.0,24.0,14.0,26.0,14.0,66.0,20.0,82.0,0.0,0.0,6.0,6.0,10.0,2.0,38.0,0.0,0.0,0.0,0.0,0.0,0.0,0.0,240.0,516.0,150.0,383.0,849.0,561.0,209.0,154.0,264.0,316.0,0.0,0.0,154.0,58.0,120.0,90.0,222.0,50.0,2.0,0.0,0.0,38.0,14.0,4.0,286.0,146.0,464.0,482.0,106.0,228.0,168.0,743.0,939.0,614.0,0.0,0.0,112.0,12.0,20.0,164.0
2011-02-16,6.0,0.0,0.0,0.0,0.0,0.0,0.0,0.0,4.0,62.0,34.0,56.0,0.0,34.0,70.0,0.0,0.0,22.0,18.0,0.0,0.0,4.0,12.0,0.0,34.0,0.0,0.0,0.0,0.0,0.0,0.0,46.0,220.0,170.0,366.0,110.0,0.0,26.0,130.0,10.0,0.0,154.0,170.0,240.0,336.0,160.0,114.0,16.0,134.0,2.0,6.0,0.0,8.0,18.0,0.0,183.0,107.0,417.0,207.0,342.0,0.0,28.0,328.0,20.0,0.0,498.0,176.0,0.0,0.0,20.0,254.0,0.0
2011-02-17,0.0,0.0,0.0,0.0,0.0,0.0,0.0,4.0,32.0,0.0,82.0,46.0,0.0,0.0,30.0,32.0,0.0,0.0,46.0,18.0,0.0,2.0,2.0,0.0,66.0,0.0,0.0,0.0,0.0,0.0,0.0,180.0,286.0,0.0,52.0,190.0,0.0,0.0,120.0,316.0,0.0,0.0,276.0,221.0,105.0,176.0,110.0,0.0,98.0,0.0,0.0,0.0,0.0,16.0,34.0,318.0,386.0,0.0,639.0,163.0,0.0,0.0,236.0,168.0,0.0,0.0,382.0,96.0,0.0,222.0,137.0,73.0
2011-02-18,0.0,0.0,0.0,0.0,0.0,0.0,0.0,8.0,6.0,112.0,6.0,68.0,0.0,0.0,68.0,20.0,0.0,66.0,222.0,140.0,188.0,58.0,24.0,6.0,0.0,0.0,0.0,0.0,0.0,0.0,0.0,212.0,236.0,72.0,562.0,280.0,0.0,0.0,57.0,195.0,34.0,118.0,108.0,0.0,94.0,452.0,231.0,145.0,18.0,0.0,4.0,0.0,44.0,0.0,0.0,386.0,239.0,717.0,176.0,446.0,0.0,0.0,338.0,348.0,272.0,1113.0,871.0,666.0,172.0,446.0,344.0,34.0
2011-02-19,0.0,0.0,0.0,0.0,0.0,0.0,18.0,42.0,0.0,0.0,0.0,0.0,0.0,0.0,0.0,0.0,0.0,0.0,2.0,22.0,0.0,0.0,0.0,0.0,10.0,0.0,0.0,0.0,0.0,0.0,142.0,200.0,0.0,0.0,0.0,0.0,0.0,0.0,0.0,0.0,0.0,2.0,22.0,256.0,96.0,87.0,291.0,180.0,148.0,0.0,0.0,0.0,56.0,4.0,488.0,426.0,0.0,0.0,0.0,0.0,0.0,0.0,0.0,0.0,0.0,0.0,22.0,250.0,0.0,64.0,6.0,28.0
2011-02-20,0.0,0.0,0.0,0.0,0.0,0.0,0.0,0.0,18.0,68.0,0.0,2.0,10.0,10.0,32.0,0.0,14.0,56.0,293.0,249.0,0.0,6.0,4.0,0.0,42.0,10.0,0.0,0.0,0.0,0.0,0.0,3.0,491.0,352.0,193.0,295.0,512.0,274.0,290.0,56.0,418.0,534.0,784.0,659.0,145.0,196.0,182.0,76.0,15.0,75.0,2.0,8.0,20.0,26.0,6.0,123.0,481.0,272.0,0.0,78.0,54.0,344.0,182.0,0.0,152.0,453.0,1019.0,1898.0,0.0,44.0,22.0,0.0
2011-02-21,6.0,0.0,0.0,0.0,0.0,0.0,0.0,12.0,0.0,6.0,8.0,12.0,2.0,6.0,0.0,58.0,0.0,33.0,29.0,26.0,10.0,16.0,0.0,4.0,54.0,0.0,0.0,0.0,0.0,0.0,0.0,284.0,158.0,188.0,244.0,160.0,140.0,170.0,180.0,471.0,339.0,174.0,160.0,174.0,68.0,102.0,30.0,160.0,192.0,64.0,0.0,0.0,6.0,0.0,36.0,230.0,0.0,28.0,130.0,212.0,216.0,56.0,0.0,616.0,0.0,132.0,134.0,172.0,16.0,70.0,0.0,48.0
2011-02-22,0.0,0.0,4.0,0.0,0.0,0.0,0.0,6.0,6.0,98.0,6.0,52.0,30.0,0.0,42.0,52.0,150.0,38.0,12.0,20.0,8.0,16.0,0.0,6.0,20.0,2.0,32.0,0.0,0.0,0.0,0.0,166.0,270.0,103.0,251.0,304.0,80.0,264.0,72.0,126.0,542.0,110.0,250.0,238.0,514.0,300.0,74.0,162.0,0.0,0.0,186.0,4.0,0.0,0.0,0.0,300.0,86.0,282.0,186.0,506.0,320.0,278.0,228.0,876.0,866.0,208.0,72.0,292.0,56.0,294.0,0.0,68.0
2011-02-23,0.0,4.0,0.0,0.0,0.0,0.0,0.0,4.0,6.0,88.0,20.0,22.0,2.0,8.0,14.0,6.0,6.0,18.0,6.0,0.0,14.0,16.0,0.0,0.0,36.0,66.0,0.0,0.0,0.0,0.0,0.0,136.0,378.0,214.0,182.0,104.0,120.0,286.0,284.0,111.0,216.0,204.0,182.0,135.0,133.0,148.0,143.0,153.0,0.0,162.0,0.0,0.0,0.0,0.0,0.0,410.0,80.0,608.0,314.0,200.0,172.0,54.0,240.0,60.0,136.0,304.0,158.0,0.0,158.0,60.0,20.0,92.0
2011-02-24,0.0,0.0,0.0,0.0,0.0,6.0,8.0,28.0,12.0,0.0,0.0,36.0,2.0,8.0,22.0,42.0,0.0,0.0,28.0,16.0,8.0,4.0,0.0,2.0,0.0,0.0,0.0,0.0,0.0,134.0,399.0,157.0,114.0,0.0,0.0,64.0,146.0,78.0,88.0,108.0,0.0,0.0,44.0,176.0,144.0,88.0,10.0,146.0,38.0,18.0,22.0,24.0,40.0,290.0,188.0,311.0,141.0,0.0,0.0,280.0,124.0,136.0,36.0,270.0,0.0,0.0,238.0,302.0,82.0,20.0,0.0,124.0
2011-02-25,0.0,0.0,0.0,0.0,0.0,0.0,0.0,0.0,0.0,8.0,6.0,34.0,54.0,32.0,4.0,0.0,2.0,4.0,0.0,38.0,4.0,0.0,4.0,2.0,54.0,0.0,0.0,0.0,0.0,0.0,0.0,0.0,22.0,208.0,345.0,203.0,148.0,176.0,122.0,0.0,8.0,122.0,172.0,244.0,120.0,162.0,120.0,120.0,86.0,24.0,0.0,0.0,0.0,0.0,0.0,0.0,405.0,123.0,10.0,532.0,192.0,76.0,254.0,344.0,476.0,739.0,350.0,246.0,40.0,0.0,18.0,100.0
2011-02-26,0.0,0.0,0.0,2.0,0.0,0.0,0.0,6.0,0.0,6.0,26.0,112.0,64.0,48.0,40.0,20.0,46.0,22.0,28.0,2.0,24.0,4.0,0.0,4.0,4.0,0.0,4.0,30.0,0.0,0.0,0.0,124.0,155.0,271.0,168.0,80.0,205.0,323.0,232.0,128.0,6.0,275.0,340.0,117.0,220.0,164.0,32.0,52.0,0.0,0.0,0.0,108.0,0.0,0.0,0.0,263.0,53.0,236.0,450.0,255.0,591.0,672.0,562.0,70.0,352.0,454.0,114.0,20.0,188.0,0.0,0.0,130.0
2011-02-27,0.0,0.0,0.0,0.0,0.0,0.0,0.0,24.0,14.0,32.0,10.0,24.0,6.0,18.0,58.0,0.0,0.0,0.0,8.0,0.0,6.0,0.0,2.0,0.0,0.0,0.0,0.0,0.0,0.0,0.0,22.0,536.0,734.0,494.0,126.0,252.0,228.0,106.0,134.0,0.0,0.0,0.0,80.0,302.0,344.0,178.0,120.0,14.0,30.0,0.0,0.0,2.0,0.0,0.0,246.0,372.0,90.0,448.0,60.0,146.0,120.0,264.0,404.0,0.0,0.0,0.0,28.0,0.0,94.0,52.0,98.0,0.0
2011-02-28,0.0,0.0,0.0,0.0,0.0,0.0,0.0,0.0,8.0,14.0,112.0,22.0,0.0,0.0,36.0,32.0,12.0,24.0,20.0,6.0,0.0,4.0,0.0,0.0,14.0,0.0,0.0,0.0,0.0,0.0,0.0,6.0,294.0,264.0,112.0,238.0,0.0,0.0,144.0,388.0,154.0,132.0,250.0,194.0,132.0,160.0,133.0,125.0,32.0,0.0,0.0,30.0,16.0,56.0,2.0,73.0,371.0,288.0,430.0,250.0,0.0,0.0,314.0,308.0,248.0,406.0,78.0,86.0,0.0,38.0,40.0,130.0
2011-03-01,0.0,0.0,0.0,0.0,0.0,0.0,10.0,4.0,14.0,54.0,14.0,0.0,48.0,20.0,34.0,42.0,94.0,38.0,16.0,6.0,0.0,8.0,12.0,0.0,0.0,0.0,0.0,0.0,0.0,0.0,154.0,240.0,372.0,196.0,230.0,0.0,114.0,58.0,92.0,80.0,20.0,138.0,98.0,88.0,90.0,102.0,96.0,0.0,50.0,0.0,0.0,4.0,0.0,2.0,356.0,137.0,230.0,685.0,112.0,0.0,436.0,856.0,602.0,601.0,1046.0,1029.0,80.0,140.0,0.0,146.0,118.0,52.0
2011-03-02,0.0,0.0,0.0,0.0,0.0,0.0,0.0,0.0,16.0,114.0,28.0,6.0,22.0,40.0,104.0,22.0,10.0,8.0,34.0,12.0,0.0,12.0,14.0,0.0,0.0,0.0,0.0,0.0,0.0,0.0,0.0,9.0,201.0,244.0,280.0,172.0,96.0,54.0,366.0,365.0,255.0,152.0,198.0,124.0,54.0,110.0,42.0,0.0,0.0,0.0,0.0,0.0,44.0,0.0,0.0,71.0,435.0,796.0,271.0,221.0,338.0,188.0,1112.0,278.0,718.0,218.0,310.0,422.0,0.0,80.0,242.0,0.0
2011-03-03,0.0,0.0,0.0,0.0,0.0,0.0,14.0,8.0,42.0,0.0,0.0,12.0,38.0,24.0,0.0,78.0,0.0,0.0,46.0,10.0,10.0,0.0,0.0,14.0,0.0,0.0,0.0,0.0,0.0,0.0,214.0,68.0,150.0,0.0,0.0,264.0,284.0,122.0,68.0,178.0,0.0,0.0,206.0,160.0,152.0,42.0,108.0,186.0,2.0,8.0,8.0,18.0,36.0,0.0,398.0,210.0,191.0,0.0,0.0,44.0,166.0,324.0,50.0,338.0,0.0,0.0,282.0,84.0,48.0,0.0,1.0,237.0
2011-03-04,0.0,0.0,0.0,0.0,0.0,0.0,0.0,2.0,20.0,50.0,2.0,0.0,76.0,33.0,55.0,8.0,0.0,10.0,44.0,22.0,26.0,4.0,8.0,0.0,0.0,0.0,0.0,0.0,0.0,0.0,0.0,22.0,354.0,424.0,8.0,0.0,286.0,429.0,245.0,118.0,267.0,92.0,170.0,269.0,261.0,93.0,64.0,0.0,62.0,0.0,0.0,0.0,44.0,0.0,0.0,126.0,178.0,378.0,112.0,0.0,606.0,327.0,201.0,546.0,164.0,956.0,752.0,142.0,326.0,4.0,346.0,16.0
2011-03-05,0.0,0.0,0.0,0.0,0.0,14.0,48.0,18.0,0.0,0.0,0.0,0.0,0.0,32.0,0.0,10.0,28.0,4.0,10.0,4.0,0.0,6.0,8.0,0.0,0.0,0.0,0.0,0.0,0.0,86.0,166.0,104.0,0.0,0.0,0.0,0.0,0.0,118.0,0.0,32.0,158.0,78.0,152.0,138.0,24.0,80.0,72.0,48.0,6.0,4.0,2.0,38.0,6.0,414.0,520.0,206.0,0.0,0.0,0.0,0.0,0.0,346.0,0.0,301.0,417.0,18.0,114.0,20.0,0.0,135.0,99.0,0.0
2011-03-06,0.0,0.0,0.0,0.0,0.0,0.0,0.0,20.0,4.0,24.0,4.0,76.0,4.0,14.0,36.0,6.0,6.0,22.0,20.0,4.0,0.0,0.0,30.0,0.0,80.0,0.0,0.0,0.0,0.0,0.0,0.0,154.0,76.0,168.0,174.0,348.0,394.0,120.0,144.0,70.0,236.0,136.0,190.0,54.0,14.0,32.0,152.0,34.0,182.0,0.0,4.0,0.0,0.0,0.0,46.0,615.0,161.0,567.0,265.0,460.0,80.0,42.0,568.0,14.0,46.0,570.0,162.0,16.0,0.0,0.0,210.0,0.0
2011-03-07,0.0,0.0,0.0,0.0,0.0,0.0,0.0,0.0,42.0,166.0,72.0,20.0,0.0,0.0,32.0,16.0,14.0,8.0,12.0,34.0,0.0,8.0,32.0,0.0,62.0,0.0,0.0,0.0,0.0,0.0,0.0,22.0,184.0,40.0,156.0,184.0,0.0,0.0,84.0,174.0,220.0,104.0,134.0,219.0,134.0,95.0,128.0,0.0,242.0,0.0,18.0,2.0,0.0,42.0,0.0,438.0,112.0,96.0,380.0,244.0,0.0,0.0,482.0,180.0,372.0,76.0,144.0,120.0,0.0,50.0,270.0,72.0
2011-03-08,0.0,0.0,0.0,0.0,0.0,0.0,0.0,2.0,4.0,64.0,64.0,86.0,34.0,0.0,2.0,208.0,34.0,68.0,16.0,10.0,2.0,4.0,2.0,0.0,0.0,0.0,0.0,0.0,0.0,0.0,0.0,38.0,240.0,349.0,287.0,178.0,192.0,0.0,14.0,368.0,738.0,362.0,200.0,106.0,116.0,100.0,114.0,110.0,8.0,0.0,0.0,0.0,6.0,4.0,2.0,304.0,254.0,526.0,142.0,18.0,390.0,0.0,100.0,500.0,222.0,448.0,192.0,22.0,74.0,20.0,108.0,86.0
2011-03-09,0.0,0.0,0.0,0.0,0.0,0.0,0.0,4.0,6.0,82.0,24.0,34.0,0.0,36.0,2.0,26.0,0.0,0.0,16.0,18.0,16.0,20.0,2.0,0.0,0.0,0.0,0.0,0.0,0.0,0.0,0.0,82.0,316.0,406.0,189.0,201.0,0.0,62.0,257.0,293.0,0.0,0.0,100.0,148.0,100.0,160.0,56.0,0.0,38.0,4.0,0.0,0.0,0.0,0.0,0.0,234.0,118.0,366.0,408.0,216.0,0.0,147.0,201.0,348.0,0.0,0.0,92.0,152.0,92.0,84.0,96.0,14.0
2011-03-10,0.0,0.0,0.0,0.0,0.0,0.0,6.0,6.0,18.0,0.0,52.0,6.0,0.0,18.0,8.0,20.0,124.0,132.0,328.0,276.0,28.0,4.0,0.0,10.0,0.0,0.0,0.0,0.0,0.0,0.0,148.0,126.0,170.0,0.0,250.0,322.0,0.0,126.0,172.0,156.0,136.0,328.0,278.0,230.0,234.0,40.0,36.0,86.0,6.0,0.0,10.0,0.0,16.0,76.0,398.0,200.0,108.0,0.0,260.0,294.0,0.0,236.0,54.0,130.0,50.0,62.0,45.0,417.0,128.0,20.0,0.0,212.0
2011-03-11,0.0,0.0,0.0,0.0,0.0,0.0,0.0,2.0,6.0,100.0,114.0,32.0,0.0,0.0,0.0,10.0,12.0,36.0,4.0,8.0,20.0,14.0,0.0,62.0,0.0,0.0,0.0,0.0,0.0,0.0,0.0,160.0,252.0,140.0,172.0,242.0,0.0,0.0,0.0,107.0,139.0,295.0,716.0,593.0,288.0,220.0,13.0,325.0,6.0,10.0,0.0,4.0,12.0,2.0,6.0,426.0,44.0,100.0,338.0,410.0,0.0,0.0,0.0,508.0,96.0,348.0,116.0,206.0,120.0,166.0,0.0,334.0
2011-03-12,6.0,0.0,0.0,0.0,0.0,0.0,0.0,0.0,32.0,40.0,88.0,62.0,62.0,56.0,34.0,10.0,14.0,20.0,10.0,34.0,4.0,4.0,0.0,6.0,92.0,0.0,0.0,0.0,0.0,0.0,0.0,0.0,248.0,359.0,137.0,204.0,91.0,65.0,230.0,148.0,226.0,146.0,40.0,239.0,119.0,86.0,38.0,38.0,166.0,0.0,0.0,0.0,2.0,4.0,0.0,2.0,392.0,544.0,1072.0,631.0,1275.0,496.0,622.0,52.0,58.0,266.0,1098.0,232.0,188.0,24.0,0.0,74.0
2011-03-13,0.0,0.0,0.0,0.0,0.0,0.0,6.0,18.0,52.0,0.0,0.0,14.0,8.0,0.0,10.0,0.0,6.0,4.0,0.0,8.0,0.0,22.0,2.0,0.0,0.0,0.0,0.0,0.0,0.0,0.0,174.0,150.0,68.0,0.0,0.0,18.0,38.0,0.0,96.0,66.0,134.0,138.0,62.0,138.0,150.0,158.0,88.0,84.0,6.0,0.0,0.0,0.0,0.0,10.0,286.0,528.0,264.0,0.0,0.0,284.0,228.0,115.0,317.0,0.0,86.0,32.0,0.0,212.0,0.0,166.0,4.0,82.0
2011-03-14,0.0,0.0,0.0,0.0,0.0,0.0,0.0,10.0,14.0,8.0,16.0,0.0,40.0,0.0,0.0,0.0,81.0,93.0,10.0,10.0,14.0,16.0,0.0,0.0,0.0,0.0,0.0,0.0,0.0,0.0,0.0,156.0,172.0,102.0,184.0,218.0,206.0,32.0,0.0,0.0,252.0,200.0,138.0,288.0,128.0,220.0,54.0,48.0,0.0,2.0,4.0,0.0,2.0,4.0,0.0,346.0,162.0,14.0,276.0,102.0,172.0,62.0,0.0,32.0,622.0,502.0,302.0,54.0,74.0,98.0,0.0,0.0
2011-03-15,0.0,0.0,0.0,0.0,0.0,0.0,0.0,4.0,0.0,74.0,8.0,24.0,0.0,0.0,20.0,20.0,24.0,47.0,269.0,272.0,88.0,14.0,0.0,6.0,106.0,0.0,0.0,0.0,0.0,0.0,0.0,90.0,200.0,38.0,168.0,146.0,0.0,0.0,162.0,160.0,154.0,122.0,300.0,690.0,186.0,180.0,14.0,54.0,88.0,0.0,0.0,6.0,10.0,0.0,6.0,370.0,38.0,351.0,273.0,282.0,0.0,0.0,646.0,749.0,549.0,538.0,668.0,1232.0,808.0,288.0,0.0,106.0
2011-03-16,0.0,4.0,0.0,0.0,0.0,0.0,0.0,8.0,6.0,28.0,38.0,10.0,26.0,8.0,12.0,0.0,8.0,6.0,10.0,6.0,4.0,8.0,0.0,0.0,46.0,114.0,22.0,0.0,0.0,0.0,0.0,66.0,180.0,240.0,172.0,68.0,104.0,94.0,34.0,80.0,174.0,96.0,130.0,136.0,136.0,206.0,88.0,58.0,102.0,256.0,42.0,0.0,0.0,0.0,22.0,366.0,509.0,780.0,998.0,606.0,703.0,448.0,672.0,116.0,76.0,244.0,110.0,66.0,30.0,46.0,22.0,36.0
2011-03-17,0.0,0.0,0.0,0.0,0.0,0.0,0.0,0.0,50.0,6.0,25.0,175.0,8.0,52.0,12.0,0.0,0.0,16.0,6.0,4.0,0.0,8.0,12.0,2.0,8.0,0.0,0.0,0.0,0.0,0.0,0.0,0.0,102.0,260.0,138.0,360.0,12.0,191.0,31.0,0.0,0.0,230.0,190.0,80.0,166.0,124.0,190.0,57.0,82.0,0.0,6.0,4.0,8.0,20.0,6.0,2.0,324.0,140.0,0.0,330.0,32.0,260.0,16.0,0.0,0.0,44.0,306.0,0.0,0.0,60.0,162.0,18.0
2011-03-18,0.0,0.0,4.0,0.0,0.0,0.0,0.0,0.0,14.0,18.0,16.0,102.0,26.0,18.0,0.0,16.0,0.0,22.0,22.0,16.0,20.0,4.0,8.0,0.0,17.0,0.0,18.0,0.0,0.0,0.0,0.0,6.0,46.0,308.0,178.0,170.0,46.0,100.0,8.0,180.0,50.0,94.0,144.0,302.0,282.0,248.0,46.0,0.0,106.0,12.0,66.0,12.0,8.0,16.0,20.0,72.0,269.0,203.0,146.0,546.0,114.0,170.0,0.0,26.0,0.0,82.0,378.0,147.0,229.0,78.0,112.0,16.0
2011-03-19,0.0,0.0,0.0,0.0,0.0,0.0,0.0,0.0,14.0,50.0,50.0,80.0,16.0,8.0,4.0,152.0,102.0,34.0,8.0,18.0,4.0,0.0,0.0,20.0,0.0,0.0,0.0,2.0,0.0,0.0,0.0,0.0,270.0,542.0,874.0,374.0,284.0,200.0,320.0,422.0,620.0,374.0,332.0,350.0,402.0,92.0,168.0,158.0,18.0,28.0,0.0,26.0,22.0,28.0,0.0,0.0,297.0,526.0,339.0,338.0,510.0,602.0,614.0,1152.0,917.0,533.0,170.0,52.0,106.0,0.0,20.0,146.0
2011-03-20,2.0,0.0,0.0,0.0,0.0,0.0,0.0,0.0,18.0,2.0,28.0,0.0,0.0,42.0,0.0,2.0,12.0,0.0,10.0,0.0,0.0,14.0,10.0,2.0,146.0,20.0,0.0,0.0,0.0,0.0,0.0,0.0,198.0,144.0,154.0,0.0,0.0,164.0,74.0,40.0,204.0,96.0,194.0,138.0,250.0,238.0,186.0,60.0,142.0,248.0,28.0,70.0,8.0,0.0,78.0,52.0,412.0,278.0,194.0,0.0,0.0,472.0,28.0,88.0,316.0,0.0,102.0,36.0,128.0,176.0,68.0,205.0
2011-03-21,0.0,0.0,0.0,0.0,0.0,0.0,0.0,8.0,0.0,0.0,0.0,8.0,14.0,22.0,4.0,0.0,0.0,0.0,46.0,72.0,0.0,24.0,4.0,0.0,0.0,0.0,0.0,0.0,0.0,0.0,0.0,326.0,504.0,154.0,72.0,176.0,210.0,364.0,284.0,0.0,0.0,0.0,164.0,518.0,410.0,335.0,189.0,20.0,59.0,8.0,76.0,14.0,2.0,0.0,47.0,299.0,0.0,12.0,18.0,300.0,374.0,114.0,114.0,0.0,0.0,0.0,198.0,1239.0,129.0,78.0,172.0,0.0
2011-03-22,0.0,8.0,0.0,0.0,0.0,0.0,0.0,8.0,8.0,88.0,0.0,0.0,0.0,30.0,12.0,333.0,177.0,48.0,16.0,14.0,0.0,6.0,2.0,0.0,4.0,106.0,0.0,0.0,0.0,0.0,10.0,130.0,258.0,98.0,44.0,20.0,0.0,218.0,404.0,701.0,486.0,485.0,280.0,188.0,280.0,136.0,232.0,110.0,0.0,130.0,22.0,28.0,4.0,26.0,116.0,332.0,98.0,72.0,0.0,0.0,0.0,182.0,140.0,1008.0,1024.0,414.0,112.0,96.0,0.0,191.0,11.0,0.0
2011-03-23,24.0,0.0,0.0,0.0,0.0,162.0,0.0,8.0,0.0,0.0,12.0,0.0,0.0,12.0,72.0,88.0,0.0,0.0,0.0,14.0,0.0,0.0,0.0,2.0,136.0,0.0,0.0,0.0,24.0,178.0,130.0,242.0,30.0,138.0,28.0,0.0,0.0,242.0,356.0,696.0,152.0,36.0,70.0,170.0,128.0,127.0,71.0,104.0,278.0,208.0,6.0,0.0,269.0,143.0,38.0,66.0,0.0,62.0,487.0,0.0,0.0,191.0,254.0,610.0,0.0,0.0,0.0,166.0,0.0,0.0,0.0,30.0
2011-03-24,2.0,0.0,0.0,0.0,0.0,0.0,8.0,4.0,28.0,36.0,0.0,20.0,40.0,12.0,10.0,20.0,0.0,4.0,32.0,0.0,24.0,0.0,2.0,0.0,74.0,0.0,0.0,0.0,0.0,0.0,108.0,214.0,224.0,98.0,0.0,58.0,138.0,204.0,176.0,277.0,135.0,120.0,444.0,156.0,186.0,72.0,158.0,34.0,66.0,18.0,32.0,4.0,2.0,36.0,296.0,48.0,242.0,502.0,0.0,378.0,598.0,68.0,112.0,130.0,0.0,44.0,276.0,0.0,50.0,0.0,86.0,0.0
2011-03-25,0.0,0.0,24.0,6.0,4.0,0.0,2.0,44.0,20.0,66.0,26.0,2.0,14.0,4.0,0.0,18.0,0.0,82.0,70.0,0.0,20.0,0.0,0.0,0.0,2.0,0.0,50.0,44.0,216.0,436.0,390.0,160.0,160.0,180.0,142.0,166.0,282.0,262.0,280.0,224.0,42.0,456.0,583.0,235.0,318.0,254.0,28.0,0.0,0.0,0.0,170.0,192.0,368.0,0.0,20.0,292.0,426.0,250.0,66.0,102.0,160.0,32.0,0.0,64.0,0.0,627.0,181.0,0.0,116.0,0.0,82.0,0.0
2011-03-26,0.0,0.0,0.0,0.0,0.0,0.0,0.0,198.0,264.0,187.0,41.0,4.0,0.0,66.0,0.0,136.0,58.0,0.0,24.0,30.0,18.0,0.0,14.0,12.0,0.0,0.0,0.0,0.0,0.0,0.0,16.0,664.0,969.0,265.0,363.0,255.0,216.0,338.0,302.0,148.0,90.0,0.0,314.0,254.0,102.0,98.0,162.0,82.0,0.0,12.0,2.0,4.0,4.0,0.0,79.0,1213.0,583.0,637.0,82.0,48.0,18.0,652.0,567.0,964.0,383.0,0.0,664.0,154.0,74.0,0.0,102.0,142.0
2011-03-27,0.0,0.0,0.0,0.0,0.0,0.0,16.0,10.0,2.0,76.0,18.0,70.0,182.0,2.0,6.0,32.0,0.0,18.0,8.0,10.0,0.0,8.0,22.0,0.0,0.0,0.0,0.0,0.0,0.0,0.0,112.0,242.0,352.0,174.0,364.0,180.0,62.0,448.0,300.0,414.0,164.0,158.0,88.0,182.0,96.0,179.0,115.0,38.0,2.0,0.0,0.0,32.0,0.0,0.0,242.0,78.0,4.0,420.0,216.0,539.0,125.0,54.0,44.0,96.0,0.0,410.0,690.0,134.0,0.0,50.0,186.0,34.0
2011-03-28,0.0,0.0,0.0,0.0,0.0,0.0,0.0,20.0,54.0,80.0,26.0,26.0,30.0,38.0,26.0,22.0,0.0,0.0,50.0,0.0,8.0,4.0,32.0,2.0,24.0,0.0,0.0,0.0,0.0,0.0,0.0,252.0,266.0,104.0,22.0,194.0,210.0,218.0,144.0,102.0,162.0,142.0,244.0,62.0,158.0,112.0,190.0,76.0,62.0,0.0,0.0,0.0,40.0,6.0,0.0,246.0,346.0,246.0,256.0,196.0,192.0,402.0,201.0,277.0,0.0,18.0,374.0,0.0,114.0,6.0,108.0,38.0
2011-03-29,0.0,0.0,2.0,0.0,0.0,0.0,12.0,12.0,15.0,27.0,4.0,0.0,0.0,0.0,20.0,2.0,0.0,94.0,0.0,10.0,14.0,0.0,16.0,0.0,12.0,0.0,12.0,0.0,0.0,0.0,124.0,242.0,150.0,158.0,84.0,76.0,56.0,48.0,156.0,170.0,143.0,657.0,168.0,132.0,104.0,6.0,132.0,40.0,0.0,0.0,54.0,2.0,0.0,4.0,220.0,76.0,120.0,306.0,48.0,36.0,20.0,28.0,408.0,134.0,0.0,472.0,0.0,300.0,20.0,0.0,208.0,0.0
2011-03-30,14.0,0.0,0.0,0.0,0.0,0.0,0.0,20.0,0.0,24.0,10.0,84.0,56.0,4.0,2.0,0.0,2.0,2.0,8.0,8.0,0.0,0.0,14.0,0.0,88.0,0.0,0.0,0.0,0.0,0.0,0.0,324.0,160.0,296.0,280.0,182.0,316.0,160.0,160.0,178.0,184.0,328.0,336.0,248.0,14.0,8.0,95.0,83.0,162.0,98.0,6.0,0.0,0.0,30.0,10.0,206.0,0.0,250.0,276.0,614.0,502.0,28.0,92.0,0.0,102.0,26.0,152.0,118.0,0.0,0.0,196.0,0.0
2011-03-31,0.0,0.0,0.0,0.0,0.0,0.0,26.0,4.0,36.0,0.0,4.0,42.0,6.0,68.0,0.0,0.0,0.0,30.0,20.0,10.0,8.0,0.0,4.0,0.0,18.0,0.0,0.0,0.0,0.0,0.0,192.0,186.0,130.0,0.0,150.0,144.0,140.0,192.0,0.0,0.0,0.0,126.0,176.0,110.0,86.0,80.0,132.0,22.0,78.0,0.0,0.0,0.0,38.0,0.0,250.0,270.0,196.0,0.0,32.0,472.0,26.0,292.0,0.0,0.0,0.0,146.0,198.0,44.0,146.0,0.0,8.0,56.0
2011-04-01,0.0,0.0,0.0,0.0,0.0,12.0,4.0,14.0,2.0,12.0,22.0,18.0,14.0,0.0,4.0,14.0,4.0,42.0,28.0,0.0,0.0,0.0,68.0,12.0,0.0,0.0,0.0,0.0,0.0,298.0,230.0,152.0,280.0,202.0,88.0,32.0,318.0,26.0,84.0,252.0,534.0,265.0,205.0,0.0,0.0,0.0,191.0,241.0,2.0,34.0,0.0,30.0,18.0,194.0,38.0,412.0,122.0,304.0,602.0,304.0,188.0,0.0,76.0,564.0,52.0,130.0,76.0,0.0,0.0,0.0,186.0,186.0
2011-04-02,0.0,0.0,0.0,8.0,0.0,0.0,0.0,0.0,0.0,14.0,16.0,12.0,10.0,0.0,0.0,0.0,64.0,36.0,118.0,108.0,32.0,90.0,0.0,0.0,0.0,8.0,2.0,102.0,0.0,0.0,0.0,0.0,0.0,50.0,342.0,410.0,272.0,0.0,0.0,0.0,219.0,445.0,322.0,400.0,236.0,370.0,38.0,2.0,0.0,0.0,0.0,132.0,12.0,2.0,0.0,0.0,10.0,178.0,242.0,222.0,86.0,0.0,0.0,0.0,979.0,613.0,607.0,565.0,228.0,252.0,0.0,0.0
2011-04-03,0.0,8.0,0.0,0.0,0.0,0.0,20.0,22.0,106.0,0.0,0.0,0.0,24.0,0.0,8.0,26.0,0.0,0.0,0.0,0.0,0.0,0.0,16.0,0.0,2.0,76.0,0.0,0.0,0.0,0.0,380.0,150.0,112.0,0.0,0.0,0.0,248.0,256.0,148.0,120.0,0.0,0.0,0.0,0.0,0.0,30.0,248.0,154.0,0.0,180.0,0.0,6.0,2.0,22.0,274.0,552.0,248.0,0.0,0.0,0.0,370.0,0.0,66.0,182.0,0.0,0.0,14.0,0.0,0.0,100.0,252.0,118.0
2011-04-04,8.0,6.0,6.0,0.0,0.0,0.0,0.0,0.0,16.0,24.0,24.0,14.0,0.0,20.0,0.0,0.0,60.0,22.0,8.0,6.0,0.0,10.0,0.0,0.0,176.0,307.0,73.0,0.0,0.0,0.0,0.0,0.0,150.0,284.0,224.0,540.0,312.0,310.0,300.0,340.0,901.0,719.0,244.0,178.0,138.0,206.0,144.0,0.0,16.0,137.0,191.0,0.0,18.0,14.0,2.0,12.0,336.0,0.0,390.0,4.0,0.0,454.0,0.0,0.0,486.0,210.0,156.0,48.0,0.0,80.0,88.0,0.0
2011-04-05,0.0,0.0,0.0,0.0,0.0,0.0,12.0,4.0,64.0,0.0,24.0,0.0,0.0,0.0,0.0,14.0,0.0,0.0,0.0,44.0,60.0,6.0,0.0,0.0,0.0,0.0,0.0,0.0,0.0,7.0,397.0,170.0,148.0,0.0,32.0,0.0,0.0,0.0,0.0,26.0,0.0,0.0,0.0,226.0,262.0,100.0,0.0,4.0,0.0,20.0,28.0,34.0,60.0,11.0,213.0,268.0,424.0,0.0,156.0,0.0,0.0,0.0,0.0,144.0,0.0,0.0,0.0,638.0,476.0,26.0,0.0,0.0
2011-04-06,2.0,0.0,0.0,0.0,0.0,0.0,0.0,10.0,32.0,10.0,10.0,18.0,0.0,22.0,0.0,0.0,18.0,48.0,0.0,46.0,4.0,4.0,4.0,0.0,54.0,0.0,0.0,0.0,0.0,0.0,0.0,21.0,207.0,106.0,420.0,386.0,36.0,212.0,76.0,45.0,168.0,305.0,134.0,220.0,116.0,157.0,191.0,0.0,118.0,0.0,0.0,0.0,0.0,10.0,0.0,28.0,350.0,192.0,104.0,168.0,0.0,282.0,0.0,0.0,946.0,208.0,0.0,214.0,24.0,22.0,147.0,53.0
2011-04-07,0.0,0.0,0.0,0.0,0.0,0.0,0.0,0.0,24.0,26.0,8.0,32.0,36.0,2.0,46.0,14.0,16.0,0.0,316.0,212.0,10.0,4.0,0.0,16.0,0.0,0.0,0.0,0.0,0.0,0.0,6.0,16.0,314.0,274.0,168.0,192.0,194.0,114.0,346.0,190.0,214.0,101.0,529.0,1036.0,218.0,66.0,10.0,72.0,0.0,0.0,0.0,38.0,22.0,8.0,72.0,283.0,353.0,352.0,825.0,731.0,204.0,140.0,525.0,571.0,288.0,42.0,774.0,1492.0,30.0,6.0,0.0,316.0
2011-04-08,0.0,0.0,0.0,0.0,0.0,0.0,0.0,10.0,28.0,132.0,94.0,2.0,0.0,0.0,60.0,0.0,12.0,2.0,30.0,56.0,4.0,32.0,8.0,32.0,0.0,0.0,0.0,0.0,0.0,0.0,0.0,142.0,236.0,252.0,144.0,36.0,0.0,0.0,66.0,0.0,8.0,43.0,215.0,393.0,139.0,152.0,172.0,212.0,0.0,0.0,0.0,2.0,6.0,10.0,12.0,342.0,284.0,226.0,578.0,52.0,0.0,0.0,228.0,0.0,74.0,76.0,470.0,320.0,86.0,198.0,310.0,382.0
2011-04-09,0.0,0.0,0.0,0.0,0.0,0.0,0.0,14.0,42.0,60.0,44.0,43.0,181.0,28.0,6.0,54.0,20.0,0.0,28.0,16.0,26.0,0.0,0.0,2.0,0.0,0.0,0.0,0.0,0.0,0.0,0.0,112.0,228.0,174.0,167.0,225.0,266.0,240.0,128.0,338.0,118.0,70.0,106.0,196.0,272.0,116.0,86.0,90.0,16.0,0.0,0.0,38.0,24.0,0.0,2.0,262.0,394.0,426.0,466.0,108.0,72.0,290.0,58.0,484.0,46.0,138.0,164.0,108.0,120.0,0.0,48.0,152.0
2011-04-10,0.0,0.0,0.0,0.0,0.0,0.0,0.0,6.0,88.0,180.0,14.0,26.0,0.0,0.0,30.0,20.0,70.0,0.0,32.0,2.0,14.0,0.0,0.0,6.0,0.0,0.0,0.0,0.0,0.0,0.0,0.0,114.0,777.0,830.0,619.0,264.0,0.0,0.0,56.0,194.0,198.0,102.0,148.0,104.0,202.0,212.0,124.0,94.0,14.0,0.0,0.0,0.0,64.0,10.0,12.0,334.0,686.0,1028.0,98.0,760.0,0.0,0.0,418.0,1302.0,570.0,18.0,270.0,32.0,104.0,0.0,34.0,164.0
2011-04-11,0.0,0.0,0.0,0.0,0.0,0.0,0.0,18.0,8.0,24.0,70.0,12.0,0.0,1.0,45.0,100.0,0.0,0.0,24.0,34.0,12.0,0.0,4.0,0.0,0.0,0.0,0.0,0.0,0.0,0.0,0.0,188.0,170.0,88.0,98.0,14.0,0.0,0.0,188.0,136.0,0.0,0.0,12.0,418.0,140.0,86.0,62.0,54.0,2.0,0.0,0.0,50.0,0.0,0.0,0.0,346.0,100.0,771.0,407.0,102.0,0.0,13.0,245.0,226.0,0.0,0.0,515.0,280.0,217.0,0.0,18.0,106.0
2011-04-12,0.0,0.0,0.0,0.0,0.0,0.0,0.0,16.0,54.0,35.0,73.0,38.0,0.0,4.0,46.0,46.0,70.0,88.0,122.0,272.0,12.0,0.0,12.0,0.0,0.0,0.0,0.0,0.0,0.0,0.0,0.0,250.0,172.0,254.0,60.0,210.0,0.0,16.0,190.0,22.0,264.0,216.0,158.0,136.0,372.0,48.0,280.0,80.0,0.0,0.0,0.0,18.0,8.0,0.0,22.0,322.0,805.0,612.0,499.0,254.0,0.0,75.0,231.0,284.0,336.0,665.0,665.0,674.0,174.0,0.0,74.0,0.0
2011-04-13,0.0,0.0,0.0,0.0,0.0,0.0,4.0,22.0,74.0,26.0,0.0,0.0,16.0,2.0,0.0,6.0,52.0,46.0,4.0,26.0,18.0,14.0,14.0,2.0,40.0,0.0,0.0,0.0,0.0,0.0,22.0,276.0,260.0,270.0,0.0,0.0,80.0,82.0,18.0,76.0,202.0,418.0,358.0,302.0,240.0,1045.0,449.0,194.0,92.0,0.0,0.0,0.0,60.0,0.0,264.0,310.0,567.0,124.0,0.0,0.0,302.0,18.0,0.0,74.0,580.0,394.0,2.0,210.0,196.0,422.0,104.0,230.0
2011-04-14,0.0,0.0,0.0,0.0,0.0,0.0,0.0,0.0,2.0,18.0,16.0,42.0,48.0,22.0,74.0,60.0,26.0,14.0,10.0,16.0,12.0,12.0,4.0,0.0,36.0,0.0,0.0,0.0,0.0,0.0,0.0,0.0,32.0,580.0,197.0,271.0,187.0,282.0,308.0,220.0,200.0,220.0,96.0,204.0,564.0,418.0,78.0,0.0,244.0,0.0,0.0,0.0,58.0,8.0,0.0,0.0,260.0,101.0,676.0,412.0,124.0,110.0,646.0,326.0,316.0,180.0,76.0,316.0,80.0,138.0,294.0,0.0
2011-04-15,0.0,0.0,0.0,0.0,0.0,10.0,0.0,14.0,44.0,471.0,631.0,351.0,167.0,54.0,0.0,54.0,36.0,22.0,38.0,8.0,2.0,12.0,0.0,2.0,0.0,0.0,0.0,0.0,0.0,148.0,146.0,194.0,958.0,234.0,188.0,77.0,245.0,92.0,0.0,4.0,254.0,138.0,266.0,318.0,108.0,114.0,18.0,128.0,0.0,0.0,0.0,96.0,4.0,288.0,278.0,715.0,493.0,556.0,296.0,164.0,281.0,335.0,0.0,66.0,318.0,256.0,664.0,136.0,54.0,62.0,0.0,225.0
2011-04-16,0.0,0.0,0.0,0.0,0.0,0.0,8.0,11.0,25.0,8.0,18.0,0.0,0.0,0.0,0.0,0.0,14.0,54.0,6.0,16.0,16.0,20.0,8.0,10.0,0.0,0.0,0.0,0.0,0.0,0.0,214.0,471.0,293.0,202.0,224.0,0.0,0.0,0.0,0.0,0.0,132.0,192.0,66.0,230.0,244.0,92.0,220.0,218.0,1.0,0.0,4.0,6.0,6.0,2.0,310.0,108.0,484.0,554.0,170.0,0.0,0.0,0.0,0.0,4.0,142.0,731.0,417.0,370.0,602.0,416.0,548.0,182.0
2011-04-17,0.0,0.0,0.0,0.0,0.0,0.0,0.0,14.0,34.0,36.0,0.0,0.0,86.0,210.0,54.0,10.0,0.0,4.0,18.0,34.0,32.0,0.0,4.0,16.0,14.0,0.0,0.0,0.0,0.0,0.0,0.0,172.0,308.0,286.0,0.0,0.0,138.0,324.0,128.0,146.0,28.0,199.0,249.0,598.0,1056.0,121.0,133.0,174.0,64.0,0.0,0.0,50.0,46.0,2.0,0.0,388.0,472.0,392.0,0.0,0.0,1214.0,792.0,1083.0,279.0,0.0,140.0,288.0,394.0,254.0,0.0,48.0,158.0
2011-04-18,2.0,0.0,0.0,0.0,0.0,0.0,0.0,0.0,8.0,46.0,76.0,12.0,4.0,38.0,22.0,0.0,6.0,14.0,4.0,22.0,4.0,10.0,6.0,20.0,112.0,0.0,0.0,0.0,0.0,0.0,0.0,0.0,295.0,211.0,133.0,175.0,146.0,118.0,54.0,140.0,50.0,145.0,313.0,313.0,305.0,128.0,136.0,166.0,82.0,0.0,0.0,0.0,0.0,40.0,0.0,0.0,282.0,581.0,701.0,734.0,94.0,192.0,1020.0,76.0,78.0,676.0,2.0,186.0,82.0,72.0,114.0,146.0
2011-04-19,0.0,0.0,0.0,0.0,0.0,0.0,0.0,12.0,16.0,88.0,10.0,38.0,38.0,18.0,18.0,192.0,36.0,80.0,408.0,166.0,6.0,4.0,0.0,8.0,62.0,0.0,0.0,0.0,0.0,0.0,0.0,122.0,294.0,264.0,70.0,112.0,83.0,227.0,212.0,212.0,168.0,377.0,227.0,258.0,224.0,108.0,12.0,72.0,44.0,0.0,0.0,0.0,0.0,2.0,0.0,388.0,218.0,722.0,378.0,216.0,222.0,182.0,168.0,738.0,681.0,1063.0,1374.0,958.0,88.0,78.0,0.0,170.0
2011-04-20,0.0,0.0,0.0,0.0,0.0,4.0,8.0,34.0,86.0,2.0,0.0,0.0,36.0,0.0,8.0,26.0,4.0,18.0,36.0,4.0,10.0,0.0,0.0,0.0,0.0,0.0,0.0,0.0,0.0,117.0,277.0,134.0,188.0,18.0,0.0,0.0,86.0,0.0,12.0,112.0,138.0,152.0,388.0,322.0,94.0,0.0,0.0,0.0,16.0,0.0,0.0,0.0,14.0,384.0,120.0,600.0,520.0,26.0,0.0,0.0,150.0,0.0,40.0,298.0,78.0,416.0,442.0,80.0,37.0,21.0,12.0,2.0
2011-04-21,0.0,0.0,0.0,0.0,0.0,16.0,2.0,14.0,0.0,0.0,0.0,8.0,0.0,2.0,2.0,72.0,22.0,12.0,6.0,4.0,0.0,20.0,36.0,14.0,0.0,0.0,0.0,0.0,0.0,56.0,246.0,190.0,0.0,0.0,0.0,76.0,114.0,128.0,86.0,140.0,84.0,160.0,120.0,156.0,114.0,182.0,174.0,198.0,2.0,34.0,16.0,18.0,4.0,112.0,280.0,364.0,0.0,0.0,0.0,68.0,0.0,186.0,16.0,498.0,334.0,146.0,116.0,6.0,0.0,74.0,20.0,142.0
2011-04-22,0.0,0.0,0.0,0.0,0.0,0.0,8.0,14.0,56.0,26.0,32.0,30.0,80.0,54.0,0.0,0.0,0.0,26.0,48.0,0.0,0.0,10.0,10.0,4.0,24.0,0.0,0.0,0.0,0.0,0.0,282.0,208.0,46.0,33.0,523.0,112.0,74.0,98.0,0.0,0.0,0.0,122.0,116.0,0.0,0.0,40.0,96.0,42.0,50.0,0.0,0.0,0.0,0.0,0.0,252.0,268.0,208.0,420.0,180.0,428.0,160.0,274.0,0.0,0.0,0.0,40.0,116.0,0.0,0.0,100.0,14.0,76.0
2011-04-23,0.0,0.0,0.0,0.0,0.0,0.0,0.0,6.0,0.0,22.0,16.0,72.0,0.0,16.0,4.0,4.0,0.0,0.0,12.0,10.0,8.0,8.0,0.0,14.0,0.0,0.0,0.0,0.0,0.0,0.0,93.0,215.0,210.0,136.0,346.0,206.0,0.0,148.0,46.0,38.0,0.0,0.0,148.0,182.0,320.0,164.0,102.0,78.0,0.0,0.0,4.0,10.0,10.0,34.0,54.0,230.0,0.0,252.0,330.0,196.0,0.0,152.0,14.0,116.0,0.0,0.0,152.0,630.0,194.0,60.0,0.0,125.0
2011-04-24,0.0,0.0,0.0,0.0,0.0,0.0,4.0,8.0,34.0,20.0,2.0,0.0,0.0,0.0,0.0,0.0,18.0,0.0,0.0,28.0,1.0,3.0,0.0,0.0,0.0,0.0,0.0,0.0,0.0,0.0,88.0,342.0,208.0,212.0,78.0,0.0,0.0,0.0,0.0,0.0,353.0,143.0,316.0,268.0,42.0,250.0,28.0,18.0,3.0,4.0,6.0,8.0,26.0,0.0,280.0,42.0,550.0,596.0,126.0,0.0,0.0,0.0,0.0,0.0,182.0,0.0,18.0,150.0,0.0,72.0,0.0,0.0
2011-04-25,22.0,0.0,0.0,0.0,0.0,0.0,4.0,44.0,68.0,8.0,4.0,38.0,0.0,4.0,6.0,0.0,2.0,0.0,4.0,10.0,12.0,2.0,0.0,0.0,109.0,0.0,0.0,0.0,0.0,49.0,343.0,268.0,156.0,110.0,184.0,118.0,0.0,66.0,120.0,0.0,108.0,117.0,215.0,328.0,240.0,174.0,72.0,26.0,192.0,4.0,2.0,0.0,8.0,243.0,21.0,498.0,368.0,447.0,298.0,301.0,0.0,196.0,84.0,0.0,150.0,6.0,644.0,112.0,76.0,60.0,44.0,66.0
2011-04-26,0.0,0.0,0.0,0.0,0.0,0.0,14.0,45.0,41.0,2.0,0.0,0.0,0.0,20.0,2.0,0.0,0.0,0.0,4.0,2.0,2.0,8.0,8.0,6.0,0.0,0.0,0.0,0.0,0.0,112.0,324.0,140.0,406.0,112.0,0.0,0.0,0.0,30.0,170.0,70.0,0.0,5.0,323.0,220.0,150.0,148.0,98.0,79.0,0.0,0.0,0.0,0.0,4.0,276.0,186.0,620.0,274.0,28.0,0.0,0.0,0.0,208.0,104.0,0.0,0.0,0.0,114.0,118.0,242.0,168.0,66.0,24.0
2011-04-27,0.0,0.0,0.0,0.0,0.0,2.0,34.0,42.0,32.0,2.0,12.0,70.0,0.0,0.0,46.0,32.0,6.0,0.0,0.0,30.0,10.0,0.0,0.0,4.0,9.0,0.0,0.0,0.0,0.0,185.0,271.0,258.0,44.0,226.0,328.0,126.0,0.0,0.0,326.0,880.0,66.0,0.0,0.0,322.0,212.0,28.0,4.0,82.0,86.0,0.0,0.0,0.0,4.0,332.0,556.0,264.0,266.0,716.0,318.0,188.0,0.0,0.0,1038.0,542.0,102.0,16.0,4.0,308.0,32.0,0.0,0.0,232.0
2011-04-28,0.0,0.0,0.0,0.0,0.0,4.0,2.0,60.0,12.0,0.0,0.0,0.0,24.0,12.0,0.0,4.0,24.0,27.0,35.0,4.0,2.0,0.0,0.0,0.0,0.0,0.0,0.0,0.0,0.0,193.0,257.0,231.0,73.0,0.0,0.0,0.0,198.0,118.0,0.0,6.0,374.0,262.0,206.0,268.0,200.0,4.0,0.0,0.0,4.0,0.0,36.0,0.0,6.0,318.0,86.0,586.0,150.0,0.0,0.0,0.0,498.0,92.0,0.0,34.0,380.0,722.0,480.0,34.0,97.0,123.0,0.0,0.0
2011-04-29,0.0,0.0,0.0,0.0,6.0,18.0,38.0,10.0,58.0,10.0,0.0,14.0,53.0,1.0,0.0,0.0,0.0,0.0,22.0,0.0,4.0,0.0,0.0,0.0,0.0,0.0,0.0,0.0,88.0,249.0,245.0,126.0,284.0,18.0,0.0,150.0,416.0,2.0,0.0,0.0,0.0,0.0,122.0,46.0,70.0,0.0,0.0,0.0,0.0,68.0,2.0,6.0,296.0,186.0,591.0,576.0,623.0,36.0,0.0,358.0,324.0,20.0,0.0,0.0,0.0,0.0,350.0,14.0,188.0,0.0,0.0,4.0
2011-04-30,0.0,0.0,0.0,0.0,0.0,12.0,42.0,2.0,0.0,0.0,0.0,2.0,26.0,30.0,28.0,0.0,0.0,0.0,28.0,2.0,10.0,4.0,0.0,0.0,0.0,0.0,0.0,0.0,122.0,118.0,298.0,8.0,0.0,0.0,0.0,18.0,512.0,426.0,200.0,0.0,0.0,0.0,174.0,174.0,158.0,26.0,0.0,0.0,8.0,6.0,0.0,2.0,306.0,466.0,486.0,82.0,0.0,0.0,0.0,6.0,342.0,272.0,258.0,24.0,4.0,30.0,452.0,8.0,104.0,72.0,2.0,6.0
2011-05-01,0.0,0.0,0.0,0.0,0.0,20.0,20.0,8.0,0.0,16.0,18.0,28.0,26.0,4.0,60.0,0.0,0.0,0.0,16.0,12.0,6.0,4.0,0.0,4.0,0.0,0.0,8.0,102.0,0.0,158.0,260.0,254.0,128.0,206.0,166.0,261.0,155.0,120.0,100.0,0.0,0.0,0.0,146.0,170.0,110.0,238.0,18.0,72.0,6.0,36.0,298.0,84.0,24.0,316.0,414.0,328.0,782.0,739.0,237.0,225.0,645.0,22.0,592.0,0.0,0.0,0.0,464.0,46.0,104.0,66.0,0.0,102.0
2011-05-02,0.0,0.0,0.0,0.0,0.0,0.0,10.0,26.0,28.0,66.0,4.0,14.0,0.0,0.0,0.0,12.0,48.0,24.0,35.0,23.0,6.0,10.0,0.0,0.0,0.0,0.0,0.0,0.0,0.0,8.0,304.0,332.0,175.0,295.0,30.0,124.0,0.0,0.0,0.0,92.0,185.0,407.0,63.0,197.0,106.0,144.0,40.0,0.0,0.0,0.0,4.0,12.0,10.0,232.0,162.0,404.0,618.0,674.0,108.0,526.0,0.0,0.0,0.0,310.0,698.0,287.0,764.0,428.0,120.0,232.0,84.0,4.0
2011-05-03,0.0,0.0,0.0,0.0,0.0,8.0,14.0,28.0,0.0,0.0,0.0,34.0,92.0,36.0,16.0,44.0,24.0,16.0,191.0,399.0,564.0,2.0,4.0,0.0,0.0,0.0,0.0,0.0,0.0,112.0,216.0,440.0,0.0,0.0,0.0,180.0,314.0,200.0,88.0,228.0,424.0,136.0,256.0,1061.0,1271.0,292.0,54.0,0.0,6.0,0.0,0.0,66.0,2.0,262.0,290.0,550.0,0.0,0.0,0.0,392.0,694.0,468.0,342.0,1017.0,580.0,180.0,1043.0,1612.0,1383.0,154.0,98.0,0.0
2011-05-04,0.0,0.0,0.0,0.0,0.0,0.0,9.0,15.0,20.0,82.0,38.0,0.0,0.0,0.0,0.0,22.0,10.0,38.0,6.0,20.0,16.0,0.0,4.0,0.0,0.0,0.0,0.0,0.0,0.0,0.0,34.0,210.0,256.0,244.0,240.0,0.0,0.0,0.0,0.0,44.0,146.0,84.0,92.0,232.0,118.0,84.0,38.0,0.0,0.0,0.0,12.0,14.0,6.0,0.0,188.0,115.0,600.0,497.0,511.0,0.0,0.0,2.0,0.0,412.0,106.0,425.0,1088.0,139.0,222.0,46.0,52.0,54.0
2011-05-05,0.0,0.0,0.0,0.0,4.0,8.0,28.0,32.0,0.0,0.0,0.0,16.0,28.0,0.0,6.0,20.0,10.0,0.0,16.0,10.0,8.0,0.0,2.0,0.0,0.0,0.0,0.0,0.0,126.0,278.0,224.0,92.0,0.0,0.0,0.0,88.0,306.0,8.0,86.0,290.0,50.0,0.0,14.0,228.0,322.0,0.0,18.0,0.0,8.0,0.0,4.0,8.0,324.0,260.0,374.0,420.0,0.0,0.0,0.0,110.0,184.0,0.0,314.0,78.0,64.0,0.0,292.0,418.0,122.0,0.0,206.0,0.0
2011-05-06,0.0,0.0,0.0,0.0,0.0,2.0,6.0,66.0,58.0,20.0,32.0,2.0,0.0,18.0,14.0,0.0,14.0,0.0,8.0,16.0,8.0,0.0,0.0,0.0,0.0,0.0,0.0,0.0,0.0,114.0,292.0,287.0,391.0,116.0,92.0,4.0,0.0,82.0,82.0,48.0,134.0,32.0,86.0,224.0,113.0,45.0,6.0,6.0,2.0,2.0,0.0,4.0,14.0,384.0,380.0,458.0,475.0,709.0,660.0,34.0,0.0,186.0,88.0,0.0,114.0,36.0,290.0,81.0,67.0,0.0,0.0,0.0
2011-05-07,0.0,0.0,0.0,0.0,0.0,0.0,0.0,26.0,10.0,10.0,12.0,8.0,0.0,42.0,8.0,8.0,49.0,47.0,2.0,4.0,6.0,14.0,6.0,0.0,40.0,0.0,0.0,0.0,0.0,0.0,0.0,296.0,240.0,386.0,261.0,129.0,4.0,220.0,42.0,76.0,312.0,18.0,168.0,192.0,170.0,72.0,40.0,0.0,136.0,4.0,0.0,0.0,14.0,0.0,22.0,314.0,494.0,343.0,700.0,116.0,0.0,964.0,84.0,42.0,96.0,141.0,45.0,34.0,154.0,416.0,160.0,4.0
2011-05-08,0.0,0.0,0.0,0.0,0.0,0.0,6.0,70.0,8.0,48.0,30.0,0.0,0.0,0.0,22.0,56.0,54.0,180.0,66.0,16.0,12.0,10.0,8.0,0.0,0.0,0.0,0.0,0.0,0.0,0.0,220.0,192.0,244.0,206.0,38.0,0.0,0.0,0.0,104.0,212.0,120.0,80.0,108.0,270.0,110.0,146.0,52.0,0.0,0.0,0.0,0.0,78.0,12.0,6.0,330.0,330.0,603.0,230.0,102.0,0.0,0.0,0.0,108.0,506.0,220.0,0.0,252.0,266.0,58.0,116.0,98.0,4.0
2011-05-09,0.0,0.0,0.0,0.0,0.0,10.0,4.0,22.0,42.0,12.0,38.0,4.0,0.0,0.0,20.0,0.0,14.0,4.0,30.0,0.0,24.0,0.0,10.0,0.0,0.0,0.0,0.0,0.0,0.0,184.0,304.0,68.0,262.0,110.0,257.0,45.0,0.0,0.0,160.0,30.0,154.0,174.0,362.0,364.0,218.0,98.0,108.0,0.0,4.0,6.0,8.0,26.0,6.0,430.0,18.0,992.0,340.0,365.0,483.0,48.0,0.0,0.0,40.0,0.0,340.0,108.0,304.0,0.0,132.0,0.0,198.0,10.0
2011-05-10,0.0,0.0,0.0,0.0,0.0,8.0,2.0,128.0,0.0,0.0,0.0,6.0,0.0,20.0,12.0,15.0,86.0,47.0,94.0,26.0,6.0,10.0,0.0,0.0,0.0,0.0,0.0,0.0,0.0,86.0,222.0,300.0,0.0,0.0,0.0,16.0,0.0,69.0,177.0,73.0,429.0,446.0,24.0,266.0,74.0,72.0,44.0,10.0,0.0,2.0,0.0,48.0,8.0,318.0,232.0,447.0,27.0,0.0,0.0,102.0,0.0,194.0,200.0,82.0,624.0,375.0,454.0,375.0,96.0,108.0,0.0,0.0
2011-05-11,4.0,0.0,0.0,0.0,0.0,0.0,18.0,6.0,24.0,66.0,12.0,4.0,0.0,14.0,30.0,0.0,46.0,0.0,0.0,36.0,6.0,2.0,0.0,0.0,46.0,0.0,0.0,0.0,8.0,0.0,155.0,135.0,580.0,211.0,257.0,294.0,0.0,142.0,182.0,0.0,220.0,0.0,0.0,284.0,228.0,38.0,0.0,0.0,108.0,12.0,2.0,45.0,45.0,0.0,252.0,404.0,538.0,376.0,314.0,20.0,0.0,148.0,254.0,0.0,288.0,0.0,0.0,222.0,42.0,70.0,2.0,4.0
2011-05-12,0.0,0.0,0.0,0.0,0.0,0.0,30.0,130.0,0.0,0.0,0.0,38.0,18.0,0.0,0.0,26.0,16.0,6.0,4.0,6.0,0.0,0.0,18.0,0.0,0.0,0.0,0.0,0.0,0.0,0.0,110.0,224.0,0.0,0.0,0.0,472.0,124.0,0.0,0.0,110.0,178.0,90.0,189.0,129.0,0.0,0.0,84.0,42.0,0.0,2.0,0.0,48.0,0.0,0.0,260.0,638.0,0.0,0.0,0.0,191.0,171.0,0.0,0.0,269.0,169.0,140.0,172.0,100.0,16.0,30.0,170.0,92.0
2011-05-13,0.0,0.0,0.0,0.0,0.0,0.0,14.0,2.0,4.0,36.0,20.0,0.0,8.0,14.0,20.0,14.0,54.0,104.0,68.0,112.0,36.0,40.0,0.0,98.0,0.0,0.0,0.0,0.0,0.0,0.0,252.0,176.0,98.0,156.0,136.0,0.0,14.0,156.0,178.0,202.0,78.0,236.0,320.0,162.0,194.0,244.0,8.0,352.0,0.0,0.0,0.0,12.0,54.0,24.0,296.0,157.0,895.0,350.0,176.0,0.0,506.0,364.0,284.0,210.0,102.0,370.0,550.0,896.0,334.0,380.0,0.0,264.0
2011-05-14,6.0,0.0,0.0,0.0,0.0,0.0,8.0,10.0,18.0,44.0,0.0,0.0,0.0,18.0,0.0,106.0,104.0,20.0,34.0,8.0,10.0,6.0,4.0,0.0,162.0,0.0,0.0,0.0,0.0,0.0,180.0,176.0,106.0,380.0,0.0,0.0,0.0,174.0,82.0,1169.0,471.0,442.0,248.0,150.0,156.0,47.0,59.0,0.0,110.0,0.0,2.0,0.0,36.0,14.0,190.0,116.0,744.0,198.0,0.0,0.0,0.0,122.0,0.0,637.0,1151.0,349.0,106.0,294.0,148.0,176.0,56.0,0.0
2011-05-15,0.0,0.0,0.0,0.0,0.0,0.0,8.0,16.0,28.0,24.0,0.0,0.0,0.0,6.0,24.0,2.0,72.0,4.0,18.0,6.0,20.0,4.0,22.0,0.0,0.0,0.0,0.0,0.0,0.0,0.0,224.0,188.0,276.0,186.0,0.0,0.0,0.0,106.0,290.0,356.0,232.0,90.0,136.0,204.0,642.0,120.0,90.0,0.0,0.0,0.0,8.0,4.0,34.0,4.0,318.0,179.0,357.0,214.0,0.0,0.0,0.0,66.0,298.0,60.0,392.0,62.0,152.0,96.0,136.0,96.0,260.0,4.0
2011-05-16,0.0,0.0,0.0,0.0,0.0,12.0,0.0,0.0,0.0,44.0,20.0,18.0,0.0,16.0,2.0,0.0,16.0,0.0,22.0,28.0,26.0,2.0,4.0,0.0,0.0,0.0,0.0,0.0,0.0,85.0,183.0,2.0,108.0,248.0,148.0,200.0,0.0,94.0,172.0,140.0,160.0,88.0,138.0,316.0,370.0,174.0,38.0,0.0,8.0,0.0,0.0,0.0,12.0,260.0,0.0,0.0,22.0,501.0,371.0,242.0,0.0,150.0,18.0,0.0,154.0,0.0,286.0,179.0,251.0,56.0,122.0,0.0
2011-05-17,0.0,0.0,0.0,0.0,0.0,0.0,18.0,112.0,2.0,0.0,0.0,18.0,0.0,23.0,11.0,22.0,6.0,44.0,58.0,14.0,0.0,0.0,0.0,0.0,0.0,0.0,0.0,0.0,0.0,6.0,202.0,308.0,28.0,0.0,0.0,42.0,0.0,113.0,85.0,166.0,154.0,286.0,144.0,284.0,10.0,2.0,0.0,0.0,0.0,2.0,0.0,9.0,9.0,148.0,256.0,798.0,12.0,0.0,0.0,214.0,0.0,158.0,104.0,604.0,424.0,596.0,584.0,66.0,0.0,0.0,0.0,0.0
2011-05-18,0.0,0.0,0.0,0.0,0.0,0.0,0.0,0.0,14.0,4.0,18.0,12.0,20.0,0.0,40.0,38.0,64.0,0.0,0.0,38.0,12.0,0.0,0.0,6.0,58.0,0.0,0.0,0.0,0.0,0.0,0.0,22.0,244.0,166.0,182.0,214.0,60.0,0.0,114.0,296.0,192.0,0.0,0.0,189.0,189.0,26.0,28.0,40.0,214.0,0.0,0.0,6.0,14.0,30.0,8.0,36.0,464.0,20.0,216.0,532.0,130.0,0.0,477.0,455.0,336.0,0.0,0.0,418.0,138.0,0.0,0.0,164.0
2011-05-19,0.0,0.0,0.0,0.0,0.0,4.0,4.0,64.0,60.0,0.0,0.0,28.0,0.0,0.0,24.0,0.0,170.0,192.0,0.0,4.0,0.0,0.0,22.0,0.0,0.0,0.0,0.0,0.0,0.0,144.0,309.0,135.0,22.0,0.0,0.0,42.0,0.0,0.0,222.0,38.0,114.0,103.0,59.0,74.0,52.0,2.0,92.0,0.0,0.0,0.0,0.0,2.0,48.0,396.0,8.0,450.0,94.0,0.0,0.0,196.0,0.0,0.0,278.0,0.0,286.0,210.0,0.0,137.0,0.0,0.0,232.0,0.0
2011-05-20,0.0,0.0,0.0,0.0,0.0,0.0,10.0,42.0,2.0,18.0,28.0,0.0,0.0,0.0,0.0,0.0,36.0,16.0,14.0,24.0,4.0,0.0,20.0,0.0,0.0,0.0,0.0,0.0,0.0,0.0,86.0,178.0,26.0,148.0,212.0,0.0,0.0,0.0,0.0,0.0,154.0,193.0,275.0,326.0,108.0,52.0,138.0,0.0,2.0,0.0,12.0,18.0,18.0,4.0,366.0,550.0,80.0,283.0,303.0,0.0,0.0,2.0,0.0,0.0,474.0,210.0,111.0,151.0,48.0,0.0,226.0,2.0
2011-05-21,0.0,0.0,0.0,0.0,0.0,0.0,18.0,2.0,38.0,22.0,18.0,14.0,2.0,8.0,8.0,0.0,22.0,4.0,12.0,10.0,8.0,2.0,0.0,0.0,0.0,0.0,0.0,0.0,0.0,0.0,138.0,178.0,132.0,229.0,549.0,374.0,256.0,184.0,118.0,154.0,103.0,143.0,125.0,301.0,180.0,70.0,8.0,0.0,4.0,4.0,0.0,20.0,22.0,24.0,448.0,98.0,600.0,524.0,472.0,238.0,274.0,150.0,374.0,62.0,754.0,20.0,212.0,32.0,294.0,18.0,54.0,0.0
2011-05-22,0.0,0.0,0.0,0.0,0.0,0.0,0.0,2.0,10.0,80.0,6.0,0.0,36.0,56.0,58.0,22.0,26.0,38.0,174.0,384.0,218.0,6.0,0.0,0.0,0.0,0.0,0.0,0.0,0.0,0.0,0.0,128.0,154.0,308.0,12.0,0.0,224.0,478.0,56.0,118.0,194.0,362.0,436.0,390.0,412.0,220.0,6.0,0.0,0.0,0.0,42.0,6.0,10.0,2.0,6.0,338.0,406.0,348.0,20.0,0.0,822.0,860.0,844.0,512.0,618.0,905.0,716.0,1060.0,1219.0,73.0,109.0,6.0
2011-05-23,0.0,0.0,0.0,32.0,0.0,0.0,28.0,124.0,16.0,40.0,56.0,24.0,36.0,48.0,24.0,0.0,0.0,20.0,64.0,52.0,0.0,4.0,0.0,0.0,0.0,0.0,0.0,354.0,78.0,84.0,92.0,172.0,272.0,152.0,344.0,600.0,552.0,140.0,284.0,12.0,212.0,364.0,284.0,384.0,288.0,116.0,0.0,0.0,8.0,8.0,104.0,544.0,0.0,120.0,554.0,926.0,680.0,880.0,540.0,172.0,344.0,176.0,384.0,0.0,212.0,216.0,624.0,616.0,0.0,164.0,0.0,0.0
2011-05-24,0.0,0.0,0.0,0.0,0.0,4.0,26.0,50.0,0.0,0.0,0.0,0.0,0.0,0.0,16.0,16.0,32.0,18.0,12.0,0.0,20.0,8.0,10.0,0.0,0.0,0.0,0.0,0.0,0.0,70.0,248.0,172.0,0.0,0.0,0.0,0.0,0.0,0.0,144.0,16.0,142.0,194.0,226.0,344.0,242.0,208.0,104.0,0.0,0.0,10.0,2.0,0.0,0.0,220.0,332.0,235.0,0.0,0.0,0.0,0.0,0.0,0.0,267.0,134.0,274.0,264.0,46.0,30.0,228.0,50.0,194.0,2.0
2011-05-25,0.0,0.0,0.0,0.0,0.0,6.0,8.0,12.0,0.0,0.0,28.0,0.0,0.0,0.0,4.0,6.0,0.0,8.0,42.0,8.0,26.0,6.0,0.0,8.0,0.0,0.0,0.0,0.0,0.0,214.0,301.0,69.0,0.0,0.0,100.0,0.0,0.0,54.0,141.0,271.0,98.0,246.0,188.0,273.0,165.0,134.0,2.0,34.0,2.0,0.0,6.0,46.0,2.0,326.0,511.0,106.0,0.0,0.0,410.0,0.0,0.0,58.0,297.0,24.0,0.0,272.0,986.0,244.0,120.0,44.0,0.0,84.0
2011-05-26,0.0,0.0,0.0,0.0,0.0,0.0,6.0,98.0,116.0,0.0,0.0,0.0,22.0,0.0,12.0,0.0,10.0,22.0,0.0,0.0,24.0,4.0,0.0,0.0,0.0,0.0,0.0,0.0,0.0,182.0,102.0,260.0,22.0,0.0,0.0,0.0,189.0,57.0,272.0,14.0,82.0,162.0,0.0,0.0,182.0,94.0,16.0,0.0,0.0,12.0,2.0,46.0,12.0,204.0,314.0,449.0,127.0,0.0,0.0,0.0,158.0,58.0,78.0,0.0,124.0,150.0,0.0,0.0,292.0,24.0,98.0,2.0
2011-05-27,0.0,0.0,0.0,0.0,0.0,4.0,2.0,20.0,20.0,0.0,32.0,8.0,28.0,16.0,0.0,0.0,36.0,6.0,0.0,0.0,38.0,12.0,6.0,0.0,0.0,0.0,0.0,0.0,0.0,106.0,240.0,142.0,58.0,0.0,133.0,3.0,114.0,362.0,0.0,0.0,212.0,228.0,24.0,0.0,252.0,264.0,66.0,0.0,0.0,4.0,0.0,0.0,34.0,240.0,194.0,596.0,238.0,0.0,186.0,24.0,160.0,362.0,0.0,0.0,482.0,86.0,0.0,0.0,322.0,68.0,108.0,10.0
2011-05-28,0.0,0.0,0.0,0.0,2.0,0.0,0.0,0.0,14.0,114.0,16.0,16.0,8.0,24.0,0.0,0.0,10.0,10.0,18.0,24.0,0.0,8.0,0.0,0.0,0.0,0.0,0.0,0.0,94.0,68.0,34.0,0.0,160.0,166.0,56.0,258.0,349.0,121.0,20.0,0.0,68.0,152.0,418.0,378.0,72.0,104.0,108.0,0.0,4.0,0.0,0.0,0.0,248.0,0.0,0.0,0.0,648.0,390.0,302.0,216.0,298.0,116.0,82.0,0.0,509.0,571.0,71.0,381.0,0.0,126.0,118.0,2.0
2011-05-29,0.0,0.0,0.0,0.0,0.0,0.0,2.0,6.0,4.0,38.0,38.0,0.0,40.0,16.0,12.0,70.0,0.0,10.0,100.0,40.0,8.0,28.0,6.0,0.0,0.0,0.0,0.0,0.0,0.0,0.0,30.0,348.0,342.0,194.0,292.0,0.0,176.0,104.0,102.0,250.0,14.0,152.0,68.0,511.0,201.0,556.0,90.0,26.0,0.0,0.0,14.0,40.0,6.0,8.0,235.0,39.0,30.0,1060.0,522.0,0.0,552.0,435.0,796.0,493.0,0.0,1126.0,2226.0,1182.0,366.0,433.0,79.0,70.0
2011-05-30,0.0,0.0,2.0,0.0,0.0,0.0,8.0,50.0,18.0,58.0,140.0,39.0,53.0,44.0,0.0,36.0,6.0,162.0,16.0,0.0,2.0,0.0,6.0,0.0,0.0,0.0,46.0,0.0,0.0,0.0,262.0,452.0,108.0,96.0,572.0,160.0,618.0,284.0,52.0,178.0,64.0,508.0,202.0,142.0,128.0,74.0,40.0,0.0,30.0,34.0,110.0,16.0,22.0,12.0,309.0,429.0,723.0,486.0,682.0,971.0,560.0,128.0,192.0,423.0,125.0,906.0,202.0,0.0,122.0,40.0,116.0,0.0
2011-05-31,0.0,0.0,0.0,0.0,0.0,8.0,28.0,80.0,4.0,0.0,0.0,20.0,40.0,34.0,30.0,44.0,224.0,244.0,200.0,0.0,0.0,18.0,10.0,0.0,0.0,0.0,0.0,0.0,0.0,176.0,288.0,178.0,96.0,0.0,0.0,8.0,222.0,344.0,308.0,324.0,74.0,288.0,228.0,30.0,6.0,56.0,32.0,0.0,0.0,10.0,12.0,6.0,40.0,376.0,277.0,467.0,222.0,0.0,0.0,20.0,482.0,544.0,144.0,708.0,674.0,1280.0,242.0,0.0,0.0,188.0,142.0,0.0
2011-06-01,0.0,0.0,0.0,0.0,0.0,6.0,4.0,62.0,70.0,12.0,52.0,0.0,0.0,2.0,8.0,10.0,4.0,0.0,16.0,6.0,4.0,10.0,0.0,0.0,0.0,0.0,0.0,0.0,0.0,68.0,358.0,290.0,140.0,384.0,206.0,138.0,0.0,42.0,172.0,38.0,44.0,0.0,118.0,182.0,162.0,50.0,0.0,0.0,0.0,0.0,2.0,22.0,0.0,288.0,87.0,557.0,702.0,226.0,402.0,232.0,0.0,428.0,121.0,85.0,30.0,0.0,218.0,118.0,16.0,210.0,0.0,0.0
2011-06-02,0.0,0.0,0.0,0.0,0.0,2.0,114.0,16.0,8.0,0.0,0.0,12.0,14.0,2.0,48.0,10.0,6.0,20.0,18.0,14.0,10.0,12.0,8.0,0.0,0.0,0.0,0.0,0.0,0.0,14.0,202.0,167.0,15.0,0.0,0.0,54.0,224.0,14.0,222.0,286.0,86.0,322.0,144.0,248.0,378.0,310.0,62.0,0.0,8.0,2.0,8.0,44.0,2.0,106.0,554.0,340.0,32.0,0.0,0.0,206.0,112.0,86.0,354.0,50.0,98.0,200.0,43.0,61.0,176.0,208.0,166.0,2.0
2011-06-03,0.0,0.0,0.0,0.0,0.0,4.0,2.0,92.0,140.0,102.0,22.0,22.0,0.0,0.0,8.0,2.0,0.0,0.0,16.0,32.0,18.0,12.0,0.0,0.0,0.0,0.0,0.0,0.0,0.0,248.0,74.0,74.0,66.0,14.0,82.0,100.0,0.0,0.0,21.0,75.0,2.0,0.0,46.0,140.0,142.0,104.0,50.0,10.0,2.0,0.0,66.0,58.0,8.0,262.0,297.0,421.0,482.0,94.0,352.0,222.0,0.0,0.0,106.0,26.0,0.0,0.0,755.0,628.0,101.0,119.0,23.0,0.0
2011-06-04,2.0,0.0,0.0,0.0,0.0,4.0,2.0,38.0,0.0,40.0,14.0,22.0,14.0,88.0,12.0,14.0,6.0,10.0,34.0,12.0,0.0,10.0,0.0,0.0,32.0,0.0,0.0,0.0,0.0,136.0,60.0,106.0,0.0,66.0,192.0,292.0,8.0,44.0,8.0,92.0,38.0,142.0,234.0,200.0,8.0,140.0,116.0,30.0,78.0,12.0,0.0,4.0,10.0,230.0,186.0,402.0,0.0,567.0,511.0,305.0,23.0,613.0,142.0,361.0,406.0,98.0,476.0,34.0,0.0,367.0,53.0,90.0
2011-06-05,0.0,0.0,0.0,0.0,0.0,0.0,16.0,6.0,62.0,4.0,0.0,0.0,14.0,0.0,66.0,42.0,6.0,16.0,14.0,10.0,4.0,0.0,0.0,0.0,0.0,0.0,0.0,0.0,0.0,8.0,296.0,86.0,110.0,2.0,0.0,0.0,204.0,64.0,356.0,292.0,246.0,152.0,238.0,172.0,130.0,144.0,0.0,0.0,0.0,0.0,0.0,40.0,4.0,194.0,132.0,326.0,456.0,48.0,0.0,0.0,434.0,22.0,603.0,120.0,13.0,264.0,324.0,162.0,82.0,74.0,22.0,2.0
2011-06-06,0.0,0.0,0.0,0.0,0.0,10.0,4.0,38.0,24.0,54.0,14.0,52.0,50.0,10.0,10.0,34.0,0.0,76.0,34.0,4.0,10.0,14.0,24.0,0.0,0.0,0.0,0.0,0.0,0.0,57.0,359.0,91.0,353.0,50.0,30.0,142.0,277.0,537.0,306.0,64.0,0.0,66.0,426.0,156.0,132.0,134.0,38.0,0.0,0.0,30.0,4.0,6.0,12.0,419.0,1.0,104.0,506.0,600.0,986.0,676.0,490.0,114.0,184.0,138.0,0.0,278.0,422.0,10.0,298.0,132.0,206.0,0.0
2011-06-07,0.0,0.0,0.0,0.0,0.0,12.0,10.0,130.0,0.0,0.0,0.0,10.0,4.0,42.0,4.0,72.0,8.0,58.0,17.0,11.0,16.0,8.0,0.0,0.0,0.0,0.0,0.0,0.0,0.0,173.0,255.0,88.0,0.0,0.0,0.0,8.0,10.0,323.0,1.0,202.0,206.0,314.0,204.0,114.0,300.0,190.0,42.0,0.0,0.0,10.0,4.0,64.0,12.0,240.0,208.0,432.0,0.0,0.0,0.0,48.0,18.0,216.0,10.0,262.0,318.0,470.0,306.0,916.0,220.0,116.0,120.0,0.0
2011-06-08,0.0,0.0,0.0,0.0,0.0,42.0,4.0,98.0,62.0,10.0,22.0,4.0,0.0,28.0,26.0,10.0,146.0,66.0,4.0,104.0,34.0,10.0,0.0,0.0,0.0,0.0,0.0,0.0,0.0,164.0,176.0,204.0,248.0,208.0,216.0,38.0,0.0,88.0,126.0,142.0,232.0,377.0,157.0,230.0,186.0,68.0,0.0,0.0,0.0,6.0,54.0,22.0,4.0,464.0,226.0,737.0,177.0,115.0,309.0,74.0,0.0,162.0,114.0,46.0,435.0,465.0,50.0,276.0,138.0,250.0,2.0,6.0
2011-06-09,0.0,0.0,0.0,0.0,0.0,12.0,14.0,122.0,16.0,0.0,0.0,40.0,2.0,4.0,46.0,72.0,6.0,10.0,70.0,0.0,0.0,48.0,0.0,2.0,0.0,0.0,0.0,0.0,0.0,294.0,300.0,300.0,86.0,0.0,0.0,124.0,276.0,248.0,48.0,255.0,29.0,12.0,98.0,0.0,0.0,142.0,16.0,42.0,6.0,0.0,84.0,0.0,0.0,284.0,92.0,412.0,84.0,0.0,0.0,224.0,16.0,34.0,184.0,342.0,26.0,10.0,286.0,0.0,0.0,206.0,0.0,102.0
2011-06-10,0.0,0.0,0.0,0.0,0.0,16.0,14.0,52.0,36.0,0.0,36.0,0.0,0.0,0.0,0.0,32.0,72.0,2.0,126.0,346.0,0.0,0.0,26.0,0.0,0.0,0.0,0.0,0.0,0.0,92.0,202.0,94.0,80.0,0.0,56.0,0.0,0.0,0.0,0.0,16.0,274.0,322.0,256.0,320.0,88.0,18.0,158.0,38.0,0.0,0.0,6.0,66.0,0.0,366.0,216.0,320.0,162.0,0.0,144.0,0.0,0.0,0.0,0.0,299.0,681.0,10.0,979.0,1231.0,38.0,0.0,226.0,70.0
2011-06-11,0.0,0.0,0.0,0.0,0.0,12.0,8.0,44.0,8.0,16.0,2.0,4.0,46.0,64.0,8.0,16.0,0.0,18.0,4.0,0.0,4.0,0.0,0.0,0.0,0.0,0.0,0.0,0.0,0.0,302.0,238.0,88.0,44.0,402.0,162.0,54.0,214.0,210.0,184.0,133.0,397.0,482.0,162.0,10.0,180.0,78.0,32.0,0.0,0.0,0.0,28.0,6.0,12.0,370.0,281.0,880.0,305.0,284.0,344.0,52.0,178.0,282.0,115.0,207.0,0.0,482.0,42.0,0.0,156.0,14.0,98.0,2.0
